"","Birthday","Home.City","Nationality","Height..in.","Weight..lbs.","Dominant.Hand","Age","Seasons.Played","Team","Games.Played","Number.of.Penalties","Goals.Scored","Average.Shot.Distance"
"1","11/21/89","Dorchester","USA",74.3242723040666,215,"R",28,7,"NJD",33,2,3,19.2432
"2","12/23/87","Helsinki","FIN",75.7905487318997,212,"L",30,4,"PHI",62,9,3,26.1111
"3","6/7/90","Winnipeg","CAN",73.7416303257114,210,"R",27,7,"CGY",82,9,3,55.4286
"4","4/18/82","Regina","CAN",73.0813932606882,215,"L",35,17,"NSH",62,11,13,32.5732
"5","3/24/81","Bolton","USA",73.8317295742685,205,"L",36,15,"TOR",80,2,4,65.3288
"6","9/26/79","Regina","CAN",71.7889846231328,195,"L",38,14,"TBL",82,5,13,28.5309
"7","2/6/90","Brantford","CAN",71.2120220630131,195,"L",27,8,"NJD, ANA",81,10,24,25.2252
"8","9/26/80","San Francisco","USA",70.8878820675575,217,"L",37,15,"WSH",81,14,0,59.5556
"9","3/30/95","SANDY","USA",71.7229609602872,203,"L",22,1,"LAK",1,0,0,0
"10","2/22/91","Golden","CAN",72.7040977583218,205,"L",26,4,"DAL",7,2,0,24.0909
"11","6/8/93","Dubuque","USA",73.7164200229356,199,"R",24,1,"WPG",24,1,1,56.1852
"12","10/4/81","Cobourg","CAN",70.7043990752768,188,"R",36,17,"CAR",82,12,16,34.803
"13","1/12/81","Stockholm","SWE",73.7009835320925,194,"L",37,14,"DET",79,5,4,57.6184
"14","5/30/90","Marshfield","USA",73.4510867296308,170,"L",27,5,"COL",16,1,0,51.7778
"15","8/5/88","Winnipeg","CAN",75.0060869917055,206,"R",29,8,"PHI",46,10,4,32.6818
"16","7/3/90","Edina","USA",71.8532147475953,231,"L",27,6,"NYI",82,14,40,21.7308
"17","6/7/90","Chatham","CAN",76.2609541475786,182,"L",27,8,"CGY",73,8,4,53.2203
"18","9/1/89","Halmstad","SWE",72.5722190924684,184,"L",28,7,"DET",82,14,21,31.1315
"19","4/20/90","Abbotsford","CAN",70.5809892722367,215,"L",27,5,"ANA",66,5,12,23.1231
"20","12/24/89","Brandon","CAN",74.0378705361763,186,"L",28,8,"CBJ",69,5,9,26.7778
"21","3/5/81","Minneapolis","USA",68.7953603301144,200,"L",36,14,"SJS",14,0,0,58.6667
"22","6/20/90","Sterling Heights","USA",67.7409148034498,224,"R",27,5,"DAL",73,10,1,61.23
"23","10/29/84","Thunder Bay","CAN",73.037732847763,209,"L",33,14,"MIN",82,13,42,31.1818
"24","1/19/84","Vienna","AUT",71.64912870397,214,"R",34,13,"VAN, CBJ",80,7,24,29.5179
"25","1/21/85","Madison","USA",72.3509999544229,202,"L",33,13,"MIN",78,6,6,50.0201
"26","2/27/85","Shaunavon","CAN",72.4103031431951,223,"L",32,13,"TBL",72,4,1,52.9589
"27","4/10/85","Edmonton","CAN",76.964569597051,225,"L",32,13,"OTT, LAK",79,17,6,53.7985
"28","1/1/85","London","CAN",71.0060538770005,217,"R",33,13,"LAK",27,5,13,25.2118
"29","11/4/84","Ithaca","USA",73.1859783028949,216,"R",33,14,"LAK",81,26,28,29.5946
"30","4/20/85","Richmond","CAN",77.3034965281665,220,"R",32,13,"CHI",81,8,7,52.8309
"31","3/31/85","Quebec City","CAN",76.8254466598523,224,"R",32,12,"NYI",4,1,0,9
"32","7/28/84","Minneapolis","USA",72.4538277655578,195,"L",33,13,"MIN",42,17,15,24.7395
"33","9/7/85","Winkler","CAN",69.2730535254511,208,"R",32,13,"TOR, SJS",18,1,3,29.4074
"34","5/10/85","Regina","CAN",75.7807246054482,223,"R",32,13,"ANA",56,6,11,37.2393
"35","5/8/89","Windsor","CAN",70.8314453557509,220,"L",28,9,"TOR",50,11,3,33.3478
"36","8/31/84","Livonia","USA",73.3552381594505,202,"R",33,14,"ANA",44,13,8,24.641
"37","12/18/84","Hingham","USA",73.4016552853959,245,"L",33,11,"NJD",69,5,13,32.725
"38","11/29/89","Edmonton","CAN",72.2473343878294,168,"R",28,8,"MIN",61,5,9,46.7818
"39","3/23/90","Montreal","CAN",71.7092107868132,207,"L",27,6,"COL",46,3,3,56.2115
"40","5/1/84","Calgary","USA",75.0848526591337,202,"R",33,13,"ANA",2,1,1,35.3333
"41","8/3/80","Thornhill","CAN",74.965914722556,192,"L",37,13,"TOR",50,6,6,22.087
"42","7/17/85","Gothenburg","SWE",72.2325156363452,196,"L",32,12,"VAN",50,6,10,31.3168
"43","5/27/90","Stockholm","SWE",73.3820061011934,186,"L",27,8,"CAR",48,11,1,33.5
"44","10/30/97","Phoenix","USA",72.916158560045,205,"R",20,1,"STL",41,8,3,34.6545
"45","8/24/88","Maple Ridge","CAN",73.3868628572298,187,"L",29,5,"VGK",45,0,3,46.4875
"46","3/25/90","Provost","CAN",70.472944090484,208,"L",27,7,"CHI",53,15,3,19.0536
"47","7/24/85","Ancienne-Lorette","CAN",77.6696192434596,195,"R",32,14,"BOS",64,7,30,32.2277
"48","10/27/96","Malmö","SWE",72.7345157394574,214,"R",21,2,"CGY",10,3,0,50.125
"49","6/15/90","Mississauga","CAN",72.6285998684383,192,"L",27,6,"ARI",53,11,5,35
"50","8/14/85","Sicamous","CAN",72.7275098071616,230,"R",32,13,"MTL",26,5,6,54.8533
"51","4/12/88","Evanston","USA",71.5057683329663,200,"R",29,8,"CHI, BOS",75,21,9,28.814
"52","3/29/96","Elkhorn","CAN",70.9507082288716,181,"L",21,1,"PHI",49,2,2,51.2083
"53","7/26/88","Traverse City","USA",69.8915910724062,212,"R",29,6,"BUF",3,0,0,48
"54","4/12/91","Livonia","USA",71.5812099582226,186,"L",26,7,"BOS",76,14,14,48.8782
"55","7/29/94","Moscow","RUS",71.3517460700212,194,"L",23,1,"COL",10,0,1,46
"56","1/18/97","Olten","CHE",74.0780439296587,177,"R",21,2,"FLA",51,11,11,32.3165
"57","6/4/88","Pittsburgh","USA",75.6805565568524,196,"L",29,8,"CGY",18,0,0,53.5238
"58","3/17/95","Quebec City","CAN",68.9028559582024,185,"L",22,1,"OTT",10,0,1,43.8571
"59","5/1/84","Minneapolis","USA",74.2707105410879,221,"R",33,12,"BOS",57,6,14,37.6688
"60","6/17/81","Blaine","USA",74.9573602452077,209,"L",36,10,"WPG",60,7,5,39.6429
"61","7/2/90","Burnsville","USA",71.4094918799696,169,"R",27,6,"TBL, ANA",47,9,2,30.975
"62","4/23/90","Minneapolis","USA",75.0819718418474,205,"R",27,5,"BUF",15,1,0,52.12
"63","8/8/94","Prague","CZE",75.874821004531,176,"L",23,3,"PIT",33,4,4,25.9444
"64","4/2/96","Kosice","SVK",73.5944061489573,201,"R",21,1,"OTT",2,1,0,0
"65","4/28/89","Grand Rapids","USA",73.2733556361657,192,"R",28,5,"DET",69,15,11,31.2386
"66","9/10/97","Denver","USA",77.2351152625782,175,"R",20,1,"ANA",2,0,0,26.3333
"67","12/15/91","Saint-Narcisse","CAN",74.6106427937519,172,"L",26,3,"TBL",82,25,25,26.2206
"68","7/10/96","Chaska","USA",75.646854032843,175,"L",21,1,"WSH",3,0,0,27.25
"69","11/28/96","Brandon","CAN",70.2208078895186,209,"R",21,1,"VGK",1,0,0,0
"70","3/17/87","Cherry Hill","USA",69.439089217261,209,"R",30,11,"OTT",62,11,11,34.8393
"71","9/27/93","Regina","CAN",72.0188995648352,205,"L",24,5,"CBJ",44,1,1,50
"72","2/12/94","Milwaukee","USA",70.7582071316006,207,"L",23,6,"MTL",82,10,19,29.831
"73","3/9/94","Vancouver","CAN",75.7178162344155,217,"L",23,5,"TOR",76,9,6,52.0495
"74","1/20/94","Helsingborg","SWE",74.9900575945083,208,"L",24,5,"ANA",69,4,13,57.3053
"75","10/6/93","Nizhnekamsk","RUS",71.4513821280231,195,"L",24,6,"COL",58,12,9,33.7128
"76","7/25/94","Regina","CAN",72.8497193444516,184,"R",23,5,"MIN",82,13,14,54.6818
"77","9/23/93","Stockholm","SWE",75.4375460095981,196,"R",24,2,"NSH, EDM",53,10,4,31.5714
"78","10/9/93","Toronto","CAN",70.70652292388,200,"L",24,3,"CAR",49,5,5,36.3281
"79","7/26/87","Victoria","CAN",73.3156564438346,198,"L",30,7,"MTL",77,6,4,61.4906
"80","10/10/96","Haapavesi","FIN",72.4638379301726,176,"L",21,1,"WPG",1,0,1,29
"81","8/12/85","Kitchener","CAN",75.2273568787574,210,"L",32,13,"MIN",18,3,0,59.5455
"82","3/26/94","Lakeville","USA",72.5241215377968,211,"L",23,3,"NYR",82,15,4,43.4314
"83","2/23/94","Chicago","USA",68.5168436523201,220,"L",23,4,"VGK",8,2,0,39
"84","8/10/92","Kitchener","CAN",73.5690154713471,201,"L",25,5,"LAK",82,30,15,30.7722
"85","5/30/94","Oakville","CAN",70.8191747528871,190,"L",23,5,"PHI",81,21,10,31.3519
"86","9/13/94","Hamilton","CAN",72.4161828874482,202,"L",23,2,"CGY",72,13,17,27.7542
"87","8/22/94","Jyväskylä","FIN",73.213370363569,206,"L",23,5,"PIT",82,8,7,53.2439
"88","2/27/94","Pointe-Claire","CAN",72.7532138619433,192,"L",23,3,"FLA",81,20,10,48.4551
"89","10/8/93","Madison","USA",72.6811413338657,190,"R",24,2,"STL",13,1,0,53.4
"90","1/5/94","Riga","LVA",72.1779379496567,207,"L",24,5,"BUF",71,17,7,33.0708
"91","12/21/93","Ottawa","CAN",72.0458992054459,209,"R",24,5,"OTT",82,6,5,48.1678
"92","3/29/94","Toronto","CAN",70.7271743178905,218,"R",23,5,"WSH",78,46,14,30.7886
"93","11/12/93","Praha","CZE",73.5923597907607,220,"L",24,5,"SJS",79,19,22,23.7486
"94","9/11/94","Helsinki","FIN",73.2889374357094,178,"L",23,5,"CAR",82,7,23,33.4811
"95","1/16/94","Estevan","CAN",72.9309842478884,208,"L",24,4,"VAN",71,6,3,47.7692
"96","2/26/94","Rochester","USA",77.5438543527595,202,"R",23,5,"WPG",55,11,3,56.0069
"97","2/18/94","Winchester","CAN",73.4707443252247,193,"L",23,4,"TBL",35,1,4,46.3488
"98","8/13/94","Ostervala","SWE",72.7541471462063,205,"R",23,6,"NSH",67,13,26,30.095
"99","1/9/94","Vitkov","CZE",73.0670282251133,216,"L",24,3,"DAL",79,14,17,27.6387
"100","5/15/94","Ann Arbor","USA",76.1821140007343,205,"L",23,2,"OTT",1,0,1,56.6667
"101","1/5/94","Charlestown","USA",70.4868731492316,174,"L",24,2,"BOS",61,4,3,46.6098
"102","5/12/93","St. Albert","CAN",72.2777614797671,230,"R",24,3,"STL",82,16,6,52.8726
"103","5/19/94","Winnipeg","CAN",78.5706199133283,180,"L",23,2,"VGK, VAN",58,9,5,31.0105
"104","3/23/94","Boden","SWE",72.0091143272935,209,"R",23,3,"STL",42,9,1,28.1951
"105","2/4/85","Belleville","CAN",77.4187423537193,190,"L",32,13,"ARI",76,14,3,25.781
"106","5/23/94","Vantaa","FIN",70.2389777482087,213,"L",23,3,"DAL",80,6,7,55.0949
"107","6/21/85","Ottawa","CAN",71.6483518902104,233,"L",32,12,"DAL",36,3,1,69.4
"108","4/22/94","Saskatoon","CAN",72.2961685532023,203,"L",23,3,"WSH",67,5,6,25.1111
"109","4/20/93","Pembroke Pines","USA",73.1563906702167,180,"L",24,4,"PHI",78,20,13,52.1086
"110","7/19/94","Ajax","CAN",71.8754981432606,205,"L",23,3,"DAL",82,14,11,26.3008
"111","8/13/94","Surrey","CAN",71.7409368418787,214,"L",23,3,"EDM",69,12,11,27.3288
"112","8/16/94","Toronto","CAN",70.6957176697947,217,"L",23,3,"NYI",78,5,3,49.1226
"113","5/26/93","Boston","USA",74.4753196923644,206,"L",24,2,"NYR",79,15,17,20.8603
"114","10/5/84","Anchorage","USA",74.0531161473817,214,"L",33,11,"OTT, LAK",69,4,5,36.2453
"115","7/25/92","Brandon","CAN",68.7861547053381,204,"L",25,4,"ARI",81,16,6,28.2768
"116","1/23/94","Syracuse","USA",71.3309859562983,212,"L",24,2,"NYR",28,1,1,31.8261
"117","8/7/94","Melville","CAN",71.9893519355764,205,"R",23,4,"NJD",76,11,9,47.4215
"118","10/5/93","Pelhrimov","CZE",75.8536429236766,205,"R",24,2,"DET",68,5,11,35.78
"119","11/5/93","North Vancouver","CAN",72.8712391059051,200,"R",24,4,"NSH",81,15,9,25.425
"120","10/12/93","Eau Claire","USA",75.8665416570288,210,"L",24,5,"BUF",53,7,3,56.5283
"121","11/24/89","Kitchener","CAN",73.4280343077007,181,"L",28,7,"OTT",82,19,22,37.2918
"122","2/2/94","Fergus","CAN",75.6521426310227,185,"L",23,3,"CAR",80,30,16,30.0438
"123","4/20/92","Swan River","CAN",71.9872242706697,208,"L",25,4,"CGY",77,12,21,24.2431
"124","7/11/84","Plover","USA",68.923519999667,195,"R",33,12,"SJS",82,24,22,27.8036
"125","4/13/94","Orland Park","USA",71.501385764231,192,"R",23,4,"TOR",47,3,4,48.7273
"126","5/25/84","St. Paul","CAN",77.4083014040492,209,"R",33,13,"STL",81,11,10,35.0265
"127","6/23/94","Alma","CAN",72.2001639228955,188,"L",23,3,"MTL",72,27,10,33.4581
"128","3/9/94","Duluth","USA",73.4912420120451,200,"L",23,1,"COL",37,8,0,31.48
"129","7/4/94","Stouffville","CAN",69.4262769419678,186,"L",23,2,"CAR",1,0,0,59
"130","2/15/94","Saskatoon","CAN",70.4822553883542,180,"L",23,3,"PHI",39,3,1,36.0417
"131","5/1/94","Denver","USA",71.6774606864666,205,"L",23,3,"CAR",82,9,8,49.3961
"132","8/6/94","London","CAN",76.6901992578271,188,"L",23,3,"DET",71,22,16,28.9471
"133","9/15/79","Aneroid","CAN",71.6385487871979,215,"L",38,20,"TOR",82,6,27,25.0539
"134","4/16/94","Toronto","CAN",73.5383141375418,190,"L",23,2,"DAL",46,6,6,28.9762
"135","1/6/94","Edmonton","CAN",74.3317597492291,187,"L",24,4,"CGY",71,12,2,51.9041
"136","10/6/94","Omaha","USA",73.4478573809238,180,"L",23,2,"PIT",82,16,22,24.4386
"137","5/20/93","Greenfield Park","CAN",75.1358165880821,170,"L",24,1,"ANA",25,4,6,22.2692
"138","11/5/84","Nordingra","SWE",73.0950362005714,180,"L",33,11,"WPG",43,2,1,54.5484
"139","8/13/93","Gaspe","CAN",74.5878146035837,198,"L",24,5,"TBL",56,18,5,24.6719
"140","3/27/85","Roseau","USA",74.8045856841202,260,"R",32,13,"WPG",69,12,8,49.9534
"141","3/14/92","Nynashamn","SWE",74.7756507147127,176,"L",25,2,"CHI",35,1,5,47.6338
"142","10/12/85","Malmö","SWE",73.9447794220452,210,"L",32,6,"COL",77,14,16,30.0667
"143","1/30/94","Berlin","USA",74.4744171317534,185,"R",24,2,"SJS, BUF",21,1,0,29.8235
"144","9/6/92","Grand Forks","USA",69.8728986042105,198,"R",25,2,"LAK",12,0,3,55.3846
"145","1/20/87","Winnipeg","CAN",72.2108777930782,225,"R",31,8,"PIT, VGK",79,15,4,27.119
"146","4/3/94","Chicago","USA",76.0808236089076,173,"R",23,3,"CHI",50,11,7,29.4186
"147","11/1/83","North York","CAN",77.8907666112682,203,"L",34,11,"BUF",14,0,0,30.3077
"148","11/29/83","Regina","CAN",73.772158981711,213,"L",34,11,"CGY",16,5,0,35.7143
"149","5/31/96","Stratford","CAN",78.3382839586437,198,"L",21,3,"FLA",68,15,9,34.8042
"150","7/20/82","St. Agapit","CAN",71.1076610297931,197,"L",35,14,"ANA",64,14,8,29.4176
"151","11/24/84","Detroit","USA",76.7923770869267,212,"L",33,10,"DET",28,1,4,34.1212
"152","4/5/94","Fribourg","CHE",71.3204411187462,185,"R",23,3,"MIN",1,0,0,0
"153","3/24/94","Cambridge","CAN",73.7085493341783,210,"R",23,2,"TBL",48,13,3,53.6667
"154","7/18/94","Markham","CAN",74.4711006838082,182,"L",23,3,"ANA",3,0,0,40.5
"155","1/14/94","Toronto","CAN",73.7556078835064,185,"R",24,3,"TOR",82,11,14,27.3697
"156","4/20/93","Brockville","CAN",71.5424442919086,207,"L",24,3,"VAN",61,9,0,51.1262
"157","8/11/94","Vancouver","CAN",73.3317505953028,175,"L",23,1,"COL",79,10,19,25.8659
"158","3/21/93","Zurich","CHE",73.2601156294943,188,"L",24,4,"COL",50,12,8,32.8018
"159","9/24/88","Ann Arbor","USA",70.7652482447305,195,"R",29,6,"NYR",22,5,0,49.2903
"160","3/2/84","Karlskrona","SWE",73.285946477926,220,"L",33,11,"DET",81,7,3,50.314
"161","12/10/92","Plantation","USA",69.6287718787809,219,"L",25,2,"ANA",14,2,0,46.8571
"162","3/29/93","St. Louis","USA",73.2892159024981,210,"L",24,4,"WPG",45,8,8,30.2429
"163","8/6/94","Gothenburg","SWE",77.447150017904,169,"L",23,1,"WSH",63,6,3,40.8167
"164","6/17/93","Rumson","USA",74.72761542622,185,"L",24,1,"SJS",62,2,3,50.0127
"165","4/29/86","Anchorage","USA",75.1321820274958,205,"L",31,12,"CBJ",62,10,6,28.8202
"166","11/2/76","Virginia","USA",73.7469378460602,202,"L",41,20,"MIN",79,10,11,24.5481
"167","1/11/94","Lewisville","USA",73.4354374929166,200,"L",24,2,"ANA",2,0,0,0
"168","4/19/93","Chambersburg","USA",70.8456380005889,209,"R",24,1,"NYR",1,0,0,17
"169","7/29/94","Halifax","CAN",69.9076542305386,215,"L",23,3,"WSH",3,1,0,46
"170","3/29/93","Greenwich","USA",73.5904244151887,193,"L",24,2,"EDM",2,0,0,21
"171","3/25/94","Sauble Beach","CAN",74.3252895009098,233,"L",23,1,"LAK",34,8,1,44.7368
"172","6/6/95","Karlstad","SWE",72.4766895502253,214,"L",22,1,"CHI",6,0,0,34.4286
"173","11/28/91","Plano","USA",71.4448675442379,200,"L",26,2,"NJD",79,23,13,28.2808
"174","5/27/94","Flin Flon","CAN",73.8308934940321,195,"L",23,1,"VAN",5,0,0,41.3333
"175","10/5/92","Glace Bay","CAN",72.5242101201127,208,"R",26,3,"ANA, MTL",72,8,4,29.8095
"176","3/1/84","Winnipeg","SWE",70.1128114749586,211,"L",33,13,"STL",76,17,15,32.375
"177","2/2/94","Vaxjo","SWE",73.5120778025027,195,"L",23,1,"TOR",4,1,0,46.2
"178","6/26/97","Regina","CAN",71.8520925999482,209,"R",20,1,"EDM",18,2,1,55
"179","10/3/83","Toronto","CAN",74.1046466562868,198,"L",34,12,"CGY",82,18,13,50.1636
"180","7/12/89","Ottawa","CAN",77.5313814256802,207,"L",28,7,"OTT",52,18,3,55.0909
"181","6/8/86","Bojnice","SVK",74.4899804418637,200,"L",31,12,"EDM",36,1,0,52.1667
"182","4/2/97","Surrey","CAN",75.7534650404144,175,"R",20,1,"MTL",23,3,1,51.3333
"183","2/1/90","Fort Lauderdale","USA",71.2083630012597,195,"R",27,5,"VAN",1,0,0,0
"184","2/23/90","Montreal","CAN",70.978732807638,208,"L",27,8,"BUF",82,13,5,53.2826
"185","9/26/80","Ornskoldsvik","SWE",69.8755189215119,190,"L",37,17,"VAN",81,10,23,28.1111
"186","9/26/80","Ornskoldsvik","SWE",69.9156760728184,183,"L",37,17,"VAN",82,11,3,28.7313
"187","3/19/86","Regina","CAN",69.8307980768294,199,"R",31,9,"TOR",81,10,11,27.7597
"188","5/26/93","Innisfil","CAN",74.1469943063779,210,"R",24,5,"TOR",16,4,1,28.16
"189","4/4/96","Toronto","CAN",70.9383969083431,184,"L",21,1,"CGY",10,0,0,25.1429
"190","8/20/91","Grande Prairie","CAN",73.4469758993193,192,"R",26,1,"NYI",34,4,3,30.7778
"191","9/14/86","Laurier-Station","CAN",72.1459833821725,180,"L",31,9,"NYR",71,10,6,25.6545
"192","6/8/97","Sorel-Tracy","CAN",73.7621910458756,182,"L",20,2,"NYI",71,6,21,24.2955
"193","3/9/85","Barrie","CAN",73.4249955116273,230,"R",32,14,"SJS",82,7,12,54.1657
"194","1/19/84","Edmonton","CAN",73.6358561346289,227,"R",34,11,"NYI",58,9,6,59.383
"195","9/29/90","Lakeville","USA",71.5314538670052,170,"R",27,6,"CBJ",21,1,1,32.3
"196","10/6/90","Landskrona","SWE",72.9179023168815,205,"L",27,8,"NJD",29,3,5,23.9048
"197","2/1/91","Smithtown","USA",69.6694209495695,185,"R",26,8,"NJD",62,28,24,28.3352
"198","11/1/92","Geneva","USA",75.3739842178968,175,"R",25,2,"NJD",6,1,1,21.2857
"199","8/8/91","Trail","CAN",73.5444746314035,176,"R",26,4,"MIN",2,0,1,29.3333
"200","2/7/91","Clinton","CAN",74.6016390523706,216,"L",26,9,"BUF",81,17,24,33.9304
"201","8/14/84","Kelowna","CAN",72.6992084956725,204,"L",33,13,"BUF",34,5,0,47.9333
"202","1/13/91","Ayr","CAN",73.3421906682747,211,"L",27,8,"LAK",50,10,6,30.5062
"203","10/1/90","Montreal","CAN",74.5583322880111,208,"R",27,6,"WSH",61,5,9,26.6949
"204","10/13/90","Gävle","SWE",71.6654456146426,202,"R",27,6,"ANA",77,10,17,28.1283
"205","11/16/90","Merrimack","USA",72.0926432152626,210,"L",27,4,"BOS",82,14,12,27.9323
"206","9/20/90","Mississauga","CAN",76.387685796669,208,"L",27,9,"NYI",82,20,37,23.7829
"207","3/7/90","Detroit","USA",72.4001126291596,192,"L",27,6,"DET",65,2,6,53.8308
"208","2/14/82","Trencin","SVK",72.7138065530395,200,"L",35,17,"LAK, OTT",46,6,11,28.9625
"209","8/2/91","Vancouver","CAN",71.0337669371068,212,"L",26,9,"BUF, SJS",78,23,29,27.2468
"210","8/22/91","Saskatoon","CAN",73.7200722470319,200,"L",26,9,"STL",82,21,28,27.5619
"211","6/5/89","Riverside","USA",74.0375766261396,179,"R",28,7,"CBJ",65,9,24,28.1558
"212","7/18/92","Wisconsin Rapids","USA",74.2446989307743,185,"R",25,3,"BUF",37,3,3,50.4583
"213","4/12/91","Norrkoping","SWE",73.6885318790633,206,"L",26,8,"STL, OTT",79,3,8,29.0714
"214","1/3/91","Hamilton","CAN",74.2008767715254,180,"R",27,7,"NSH",44,9,9,54.1455
"215","5/9/91","Carp","CAN",74.8888356463594,198,"L",26,6,"NYI",33,4,1,61.3864
"216","1/24/91","Windsor","CAN",71.6367894119215,209,"R",27,7,"EDM",74,12,7,27.3953
"217","8/2/95","Zilina","SVK",73.2309807768723,202,"L",22,2,"BOS",6,0,1,21
"218","12/12/95","Brooklyn","USA",73.4018335317531,185,"R",22,2,"SJS",77,13,11,32.4679
"219","3/20/91","Eden Prairie","USA",72.8076075515459,204,"L",26,8,"NYI",80,8,10,51.1242
"220","5/16/85","Peterborough","CAN",74.7395423837243,213,"R",32,13,"ANA",71,22,17,25.2367
"221","4/30/91","Boxford","USA",73.5244242239887,224,"L",26,6,"NYR",58,12,16,24.5839
"222","3/2/91","Stockholm","SWE",69.8513217344001,196,"L",26,8,"BUF",39,3,2,32.0286
"223","11/19/90","Winnetka","USA",72.9140274388383,210,"L",27,8,"NJD",81,3,7,50.4397
"224","1/21/91","Davidson","CAN",74.9967985535219,212,"L",27,6,"VGK",76,8,5,58.4205
"225","4/1/91","Toronto","CAN",72.579495660856,185,"L",26,7,"VGK",67,6,22,28.6358
"226","5/10/89","Grand Prairie","CAN",72.4416410781372,200,"R",28,2,"PIT",44,3,2,27
"227","12/1/90","Ilava","SVK",75.1896437679077,185,"L",27,7,"DET, VGK",82,23,20,31.7701
"228","4/14/93","Kauniainen","FIN",71.834545609398,185,"L",24,2,"ANA",10,0,1,30.7778
"229","5/21/93","Canton","USA",74.1107309302061,190,"L",24,2,"NJD",1,0,0,17.3333
"230","5/7/90","San Diego","USA",75.7602746030645,191,"R",27,6,"PIT",44,8,2,58.3582
"231","12/31/91","Toronto","CAN",74.6030652891415,180,"L",26,3,"WPG",61,20,8,30.5949
"232","7/23/91","Novokuznetsk","RUS",76.3862765732917,212,"L",26,6,"WSH",82,20,10,48.864
"233","9/24/88","Boston","USA",75.0552864603032,200,"L",29,5,"NYR",60,5,7,34.5098
"234","4/10/91","Toronto","CAN",71.5551143903192,186,"L",26,8,"VGK",2,0,3,42
"235","9/6/91","Biddeford","USA",73.9409680403201,207,"L",26,5,"PIT",80,11,5,52.6373
"236","2/7/91","Martin","SVK",72.1194976579149,208,"L",26,6,"CHI, ARI",72,20,14,28.6765
"237","4/14/90","Holland","USA",70.5448279504321,210,"R",27,4,"DET",31,8,1,25.9375
"238","12/11/97","Scottsdale","USA",75.5612621161014,202,"L",20,2,"CGY",68,42,24,23.8883
"239","8/10/91","Buffalo","CAN",73.8674762287123,232,"L",26,7,"MIN",77,22,8,29.7848
"240","9/17/97","San Ramon","USA",72.1120801164998,216,"L",20,2,"TOR",62,18,34,26.7647
"241","1/16/91","Haliburton","CAN",73.1275809094737,195,"L",27,9,"COL, OTT",82,20,27,25.0316
"242","5/14/91","Burlington","CAN",71.669725193618,200,"R",26,3,"BOS",12,1,0,26.4737
"243","9/5/89","Madison","USA",70.2428378903834,208,"R",28,7,"NSH",79,14,25,25.5983
"244","1/7/90","St. Louis","USA",69.2650734853119,183,"R",28,3,"OTT",16,3,3,43.5833
"245","12/21/97","Long Beach","USA",74.0582884913157,208,"R",20,1,"BOS",63,13,7,47.6104
"246","2/27/91","Toronto","CAN",73.8642902750317,200,"L",26,7,"NYI",64,16,7,28.5405
"247","10/22/90","St. Hyacinthe","CAN",75.268022532839,227,"R",27,7,"CBJ",81,4,4,49.669
"248","2/22/91","LaSalle","CAN",75.0629397011969,215,"L",26,5,"MTL",58,12,10,28.6753
"249","5/24/91","Winnipeg","CAN",74.4033439582047,190,"L",26,7,"VGK",80,6,11,33.1495
"250","12/18/97","Farmington Hills","USA",74.545929094994,165,"R",20,1,"CHI",82,13,28,29.6243
"251","12/1/88","Villach","AUT",72.3457326898502,200,"L",29,5,"PHI",76,15,13,31.8438
"252","4/19/98","Tampere","FIN",70.2221007219068,206,"R",19,2,"WPG",82,16,44,36.0871
"253","2/23/90","Edmonton","CAN",72.8045290841417,205,"L",27,5,"ARI",73,7,11,47.3137
"254","7/29/98","Chesterfield","USA",72.5466082520012,170,"L",19,2,"ARI",82,24,23,29.3066
"255","5/7/98","Alvkarleby","FIN",73.0662780801096,211,"R",19,2,"EDM",65,4,12,31.0735
"256","3/18/77","Trencin","SVK",74.8180438905389,250,"L",40,20,"BOS",73,13,7,55.9653
"257","10/6/90","Ville Degelis","CAN",74.4458512930247,190,"R",27,6,"TBL, OTT",30,4,1,42.7105
"258","3/20/92","South St.Paul","USA",74.3919867831256,215,"R",25,7,"CAR",76,14,8,45.9242
"259","7/22/90","Canton","USA",72.8190529444675,191,"L",27,2,"STL",1,0,0,29
"260","9/23/90","Rimouski","CAN",72.9084613027208,206,"L",27,7,"COL",58,3,5,23.1591
"261","3/5/98","Raleigh","USA",73.5829310155877,220,"L",19,1,"OTT",4,0,0,21
"262","3/14/95","Molnlycke","SWE",74.9472817432462,201,"L",22,2,"BOS",1,0,0,0
"263","3/14/98","St. Albert","CAN",70.4969670185062,191,"L",19,2,"COL",65,21,12,27.2566
"264","5/25/98","Oulunsalo","FIN",71.5241586668695,188,"L",19,1,"CAR",4,1,0,29.1667
"265","3/12/91","Winkler","CAN",74.7701349762005,202,"R",26,3,"MTL",48,7,3,31.7347
"266","5/9/91","Hamilton","CAN",71.6240531192499,219,"L",26,5,"WPG",57,3,2,60.6491
"267","6/7/98","Woodbridge","CAN",73.4922183727986,184,"L",19,1,"MTL",49,4,0,42.0233
"268","4/16/93","Oulu","FIN",73.4494409739461,183,"L",24,5,"VAN",53,7,8,28.4624
"269","3/23/91","Pori","FIN",72.5253692416053,193,"L",26,5,"VGK",76,10,29,26.84
"270","5/17/93","Montreal","CAN",73.8558527527936,195,"L",24,1,"NYR",28,2,2,46.8689
"271","7/31/86","Magnitogorsk","RUS",78.5562559298451,195,"L",31,12,"PIT",78,29,42,26.3389
"272","12/12/92","Detroit","USA",69.5027157486827,160,"R",25,2,"BOS",10,1,0,27.4286
"273","1/7/94","Ottawa","CAN",73.8414830306712,212,"R",24,2,"FLA",60,12,2,52.0862
"274","5/12/98","Roberval","CAN",76.3958905963914,162,"L",19,1,"NSH, COL",73,15,4,53.7738
"275","6/24/98","Ste-Agathe-Des-Monts","CAN",73.6150083609881,207,"L",19,1,"CBJ",82,24,20,24.8606
"276","3/10/95","St. Clair","USA",75.3225721318753,191,"L",22,2,"CBJ, VAN",46,10,5,42.4531
"277","1/6/95","Sun Prairie","USA",70.62551041576,190,"L",23,1,"NJD",81,3,5,50.1136
"278","8/6/97","Helsinki","FIN",75.7542408359677,185,"L",20,1,"FLA",4,0,1,34.6667
"279","6/8/91","Keswick","CAN",75.4872936873863,191,"L",26,3,"ARI",5,0,0,53
"280","9/17/85","Moscow","RUS",72.6828627346791,235,"R",32,13,"WSH",82,18,49,32.2507
"281","7/30/98","Stockholm","SWE",73.2542318147776,175,"L",19,1,"NJD",74,13,13,28.93
"282","12/12/85","Maple Ridge","CAN",72.0344739005756,192,"L",32,13,"NYI",73,7,12,24.9018
"283","8/31/86","Plymouth","USA",71.5041689067806,225,"R",31,10,"WPG",81,24,23,35.2073
"284","7/18/81","Schwenningen","DEU",68.9450990027098,199,"L",36,15,"NYI",28,3,0,57.0323
"285","7/27/94","Viking","CAN",76.1175975658427,208,"L",23,1,"MIN",3,3,0,55.75
"286","10/30/85","Milwaukee","USA",70.3061761572835,215,"R",32,12,"NJD",59,8,8,25.4706
"287","2/9/90","Newmarket","CAN",71.4183494043672,210,"L",27,2,"VAN",27,5,4,35.6429
"288","9/21/90","St. Paul","USA",70.0732968856874,194,"R",27,2,"DET",81,11,0,51.6355
"289","6/23/89","Garden River, First Nations","CAN",74.7180076386424,219,"L",28,7,"BUF",69,16,4,29.5
"290","12/13/91","Yaroslavl","RUS",72.3208271048812,225,"L",26,6,"STL",80,19,33,31.3497
"291","6/6/91","Ottawa","CAN",70.7937463994846,196,"R",26,1,"OTT",2,0,0,27
"292","5/13/85","Winnipeg","CAN",73.585621327797,185,"R",32,12,"NJD",63,6,12,24.4945
"293","6/19/93","Ham Lake","USA",76.3086929023473,217,"L",24,2,"LAK",35,5,4,32.7358
"294","10/12/85","Calgary","CAN",74.7351251153169,207,"R",32,13,"DET",66,5,8,47.9091
"295","10/17/96","Edmonton","CAN",74.3702283961802,188,"L",21,1,"BOS",70,22,16,31.4126
"296","5/27/90","Huntsville","USA",70.599227123635,197,"R",27,3,"LAK, VAN",56,4,3,26.3137
"297","7/28/95","Milwaukee","USA",74.4931013173873,204,"R",22,3,"BUF",5,0,0,17
"298","4/7/94","Richmond","CAN",71.4151465015628,190,"R",23,2,"VAN",68,15,1,48.7234
"299","1/26/94","Edmonton","CAN",72.9339864105628,195,"L",24,1,"PHI",9,0,0,31.5
"300","2/14/95","Chicago","USA",72.0680641599918,223,"R",22,2,"CHI",47,17,4,26.9286
"301","4/17/95","Cherepovets","RUS",74.6770780594649,191,"L",22,2,"NYR",74,16,14,29.1397
"302","2/18/86","Meadow Lake","CAN",75.9102824090604,202,"R",31,12,"COL",79,22,13,36.1301
"303","12/8/92","Stockholm","SWE",74.8340336030047,196,"L",25,2,"DAL",81,12,19,25.2794
"304","8/26/95","Pointe-Claire","CAN",75.7812833872703,191,"L",22,4,"ARI, CHI",56,15,11,25.8763
"305","10/29/91","Moscow","RUS",70.3434161798852,195,"R",26,2,"TOR",60,5,5,63.1296
"306","2/4/83","West Seneca","USA",73.5154055288356,195,"R",34,13,"CAR",37,6,3,26.439
"307","6/4/90","Prince George","CAN",73.6710813070046,205,"L",27,6,"PHI",65,11,7,52.6396
"308","5/13/94","Penza","RUS",75.0293721127894,221,"R",23,3,"EDM",50,9,6,25.0411
"309","4/10/95","Herning","DNK",77.7873961075356,177,"R",22,3,"CBJ",82,12,11,30.5276
"310","6/20/94","Pickering","CAN",71.1602267424311,185,"L",23,2,"EDM",67,11,13,25.1538
"311","7/30/85","Grand Rapids","USA",75.3654635653286,185,"L",32,11,"ARI",78,7,12,52.2773
"312","4/28/86","Sternberk","CZE",72.5467756474591,188,"R",31,12,"BOS",64,12,17,30.2101
"313","9/13/95","Buffalo","USA",70.0977330475212,195,"L",22,3,"NJD",76,31,19,30.7941
"314","3/20/95","Mississauga","CAN",72.0950047781798,230,"L",22,3,"OTT",11,0,1,41.1818
"315","5/14/94","Kitchener","CAN",70.9508025428446,232,"R",23,1,"LAK",2,1,0,45
"316","7/8/94","Ann Arbor","USA",74.1637900741087,206,"L",23,4,"WPG",82,8,9,27
"317","1/12/95","Hamilton","CAN",74.6655556303791,222,"L",23,3,"OTT",41,6,0,78.2692
"318","9/8/90","Hodonin","CZE",72.4995173268524,194,"L",27,2,"CHI, WSH",53,6,3,54
"319","7/27/89","Ivry-sur-Seine","FRA",70.1801199436362,187,"L",28,2,"EDM",33,3,3,49.9275
"320","7/11/93","Mississauga","CAN",70.9711637003353,194,"R",24,5,"EDM",82,6,13,32.034
"321","4/25/86","Togliatti","RUS",75.082747144833,218,"L",31,7,"NSH",76,8,1,53.1864
"322","2/9/95","Klagenfurt","SWE",66.4288644966126,201,"L",22,4,"WSH",56,9,12,25.2857
"323","3/7/95","Grosse Pointe","USA",74.3395275029084,230,"R",22,3,"MTL",18,6,0,29.8
"324","4/21/86","Ostersund","SWE",71.9913417209114,214,"L",31,12,"VAN",70,10,6,59.8081
"325","11/30/94","Eisenstadt","SVK",74.2717029862703,212,"L",23,4,"WPG",23,0,2,43.5455
"326","3/2/95","Regina","CAN",73.3187425267614,185,"L",22,1,"CGY",1,0,0,0
"327","7/4/95","Georgetown","CAN",76.067017234638,205,"L",22,3,"DAL",27,7,0,31.9375
"328","9/20/94","Hilton Head Isl.","USA",71.1343420741738,181,"R",23,4,"CHI, NSH",78,32,11,28.6899
"329","8/5/95","Anaheim","USA",70.506659868866,217,"L",22,2,"FLA",38,6,3,50.6154
"330","2/22/95","Orillia","CAN",72.3137669392832,190,"L",22,2,"COL",15,2,0,61
"331","4/20/95","New Haven","USA",66.8180671269582,214,"L",22,2,"TBL",23,5,3,29.3793
"332","5/20/95","Arvika","SWE",69.6594557216711,210,"L",22,4,"MTL",55,6,4,27.3396
"333","4/8/95","Northbrook","USA",73.6691137278341,193,"R",22,2,"COL",69,11,13,31.2366
"334","5/15/95","St. Petersburg","RUS",74.4370146882291,224,"R",22,2,"CAR",10,1,3,26.0556
"335","3/27/95","Repentigny","CAN",74.4504927290583,180,"L",22,3,"ARI",2,0,0,43
"336","4/16/95","Cornwall","CAN",71.7002238455485,210,"L",22,2,"DAL",72,18,6,27.3714
"337","2/8/95","Uppsala","SWE",70.0884918097458,204,"L",22,2,"PHI",70,7,3,54.1124
"338","3/7/95","Bronxville","USA",70.9842524400913,205,"R",22,3,"NJD",36,4,2,61.9821
"339","3/22/95","Delta","CAN",70.5710813915006,179,"L",22,3,"WPG",15,0,2,32.0625
"340","12/1/94","Boras","SWE",74.5730152409976,196,"L",23,3,"MIN",41,2,0,48.0909
"341","5/9/95","Calgary","CAN",74.1451636269104,215,"L",22,1,"DAL",6,5,0,57.6667
"342","1/28/95","Stockholm","SWE",74.9140875313461,231,"L",23,1,"CHI",11,0,0,45.4167
"343","7/1/95","Buffalo","USA",73.9070533369779,214,"R",22,3,"BUF",12,2,3,29.2105
"344","4/22/95","Winnipeg","CAN",71.3404477117896,198,"R",22,1,"WSH",51,6,0,51.0213
"345","7/4/95","Piikkio","FIN",74.7724216383582,183,"L",22,2,"MTL",66,7,12,26.4024
"346","1/13/87","Thunder Bay","CAN",70.9005227273981,209,"L",31,11,"NYR",72,8,1,44.5147
"347","12/20/94","LaSalle","CAN",71.7935772108165,212,"L",23,2,"VGK",37,18,1,27.0769
"348","2/24/95","Sudbury","CAN",69.9370439490479,190,"L",22,2,"DET",48,21,7,21.9759
"349","1/30/85","Greenfield Park","CAN",72.1237853475419,186,"R",33,10,"MTL, LAK",60,8,6,31.1455
"350","3/21/85","Rochester","USA",74.2620611904367,187,"R",32,12,"TBL",67,18,5,32.25
"351","2/16/89","Toronto","CAN",74.7171382673538,196,"L",28,2,"ANA",7,3,0,27
"352","11/15/94","Tarrytown","USA",70.0744584287331,200,"R",23,3,"CAR",65,9,3,48.3068
"353","5/13/86","Lethbridge","CAN",76.0989593882474,176,"R",31,11,"CGY",24,3,3,35.5102
"354","8/4/95","Ottawa","CAN",70.5058498991214,205,"R",22,2,"BUF",33,4,4,31.5333
"355","9/1/95","Halifax","CAN",71.0904405780274,205,"R",22,5,"COL",74,23,39,30.588
"356","9/2/95","Tampere","FIN",74.975516276847,213,"L",22,5,"FLA",79,21,27,30.0781
"357","3/28/95","Ste-Agathe","CAN",74.1858720704568,203,"L",22,4,"MTL",77,13,13,32.3049
"358","10/3/94","Arlington","USA",72.1795705790264,210,"R",23,5,"CBJ",78,18,16,48.2088
"359","12/2/94","Boden","SWE",72.8204843993941,192,"R",23,5,"CAR",81,10,16,26.0588
"360","10/12/94","Brampton","CAN",70.4231222356749,195,"L",23,5,"CGY",74,10,31,24.7376
"361","2/4/95","Hamilton","CAN",73.895503125583,221,"L",22,4,"EDM",82,19,6,45.4227
"362","10/27/94","Turku","FIN",75.0004422734153,218,"R",23,5,"BUF",73,18,6,59.533
"363","4/5/95","London","CAN",72.1180651110117,223,"L",22,4,"VAN",64,15,22,22.7089
"364","7/12/95","Lac-Beauport","CAN",76.0499173468496,202,"L",22,2,"PHI",2,0,0,23
"365","3/2/95","Winnipeg","CAN",73.1619063651344,195,"L",22,3,"ARI",82,26,9,33.9933
"366","3/28/95","Calgary","CAN",74.2824964863833,195,"L",22,3,"WPG",81,11,7,53.0686
"367","9/22/94","Stockholm","SWE",72.09437942861,196,"L",23,4,"CBJ",66,11,8,25.9054
"368","10/6/94","Dauphin","CAN",70.2147659945908,214,"R",23,3,"NYI",68,5,10,47.087
"369","4/16/95","Moscow","RUS",72.8624149418293,230,"L",22,5,"COL",77,17,7,57.2128
"370","2/2/95","Salmon Arm","CAN",74.1065434919756,209,"R",22,4,"CGY",65,10,2,26.0923
"371","3/21/95","Winterthur","CHE",71.203073763963,210,"L",22,4,"NJD",28,3,0,48.7895
"372","6/5/90","Prague","CZE",70.9485654487385,204,"R",27,6,"PHI",70,14,2,66.1479
"373","9/16/94","Longueuil","CAN",72.2544657209495,225,"L",23,3,"DET",80,8,24,26.0632
"374","4/26/95","Laval","CAN",73.1261863472257,232,"L",22,3,"TOR",9,2,1,27.25
"375","5/11/88","Halifax","CAN",69.0171290419868,181,"L",29,9,"BOS",68,27,34,26.8516
"376","10/31/87","Buffalo","USA",74.7951412524998,202,"L",30,11,"CBJ",72,14,15,29.5109
"377","2/8/94","Laval","CAN",71.5550763904585,175,"R",23,2,"PIT",5,1,1,11
"378","2/18/94","Charlottetown","CAN",71.9401767036439,235,"L",23,2,"NYI",24,8,3,19.8947
"379","12/20/86","Kindersley","CAN",74.7541171317762,192,"R",31,10,"VAN",20,11,7,28.8077
"380","12/26/94","Battleford","CAN",71.4882389906238,200,"L",23,1,"BOS",3,0,0,28.5
"381","11/14/91","Calgary","CAN",73.0864309112209,205,"L",26,8,"NJD",76,23,39,26.8633
"382","8/26/96","Bonney Lake","USA",72.1705186867482,195,"R",21,1,"SJS",3,0,0,40
"383","4/28/88","Boston","USA",72.0195998962252,190,"L",29,1,"PHI",1,0,0,49
"384","1/5/94","Alton","USA",74.8630869208517,195,"L",24,1,"ARI",9,0,0,62
"385","3/21/88","Bloomington","USA",72.4312281539058,225,"R",29,10,"COL",62,15,9,50.3095
"386","4/16/88","St. Paul","USA",71.7055811143411,220,"R",29,11,"BUF",76,20,15,28.5031
"387","1/26/96","Elk River","USA",72.7234446533232,180,"L",22,1,"CHI",4,0,1,54
"388","1/8/87","Salt Lake City","USA",69.2198688669381,205,"R",31,10,"LAK",68,8,14,33.6194
"389","5/7/94","Burlington","CAN",72.1658628090971,221,"R",23,4,"CBJ",63,23,19,28.7979
"390","6/14/87","Toronto","CAN",74.5435490492218,177,"L",30,11,"ANA",80,11,12,31.8343
"391","1/23/87","Narva","FIN",69.2474531330688,209,"L",31,5,"TOR",74,8,7,30.5526
"392","8/5/88","Fergus","CAN",77.0361937230899,205,"L",29,10,"FLA",76,15,13,26.1795
"393","11/13/90","New Westminster","CAN",69.2574393017832,225,"L",27,7,"SJS",81,12,5,52.7614
"394","4/14/88","Saskatoon","CAN",72.2430982959117,222,"R",29,6,"EDM",21,3,0,55.6316
"395","8/13/96","Laval","CAN",74.1616943917617,193,"L",21,1,"ANA",1,0,0,0
"396","6/7/88","Vancouver","CAN",72.1493234242182,236,"L",29,11,"EDM",82,6,10,29.8299
"397","8/17/85","Vancouver","CAN",74.585305033939,215,"R",32,12,"CGY",76,15,6,37.2278
"398","2/26/92","Oulu","FIN",73.7283193153586,185,"L",25,6,"MIN",77,14,21,28.9845
"399","4/22/99","Vihti","FIN",74.6548186483903,191,"L",18,1,"NSH",3,0,0,13.6667
"400","1/13/95","Moscow","RUS",74.2637848121972,191,"L",23,1,"FLA",26,2,3,28.8214
"401","5/21/85","Warren","USA",74.3957393113364,200,"L",32,11,"PIT",42,9,4,51.8462
"402","10/30/87","Toronto","CAN",73.7777161695291,242,"R",30,10,"MIN, CGY",54,8,10,25.0588
"403","2/8/93","Medicine Hat","CAN",72.0551062013895,170,"L",24,1,"FLA",1,0,0,0
"404","6/7/88","Windsor","CAN",74.0416780980346,203,"L",29,10,"BOS, NYR",15,6,0,41.0588
"405","7/14/90","Burlington","CAN",75.8613982424546,197,"R",27,4,"CAR, PIT",40,12,3,31.3
"406","11/12/87","Edmonton","CAN",72.3102255304778,191,"R",30,11,"WPG",82,21,16,27.8605
"407","12/9/94","Richmond Hill","CAN",73.4759953054853,187,"L",23,1,"CGY",7,8,0,26.8
"408","10/3/96","Braintree","USA",72.0782041913917,170,"R",21,1,"VAN",5,0,0,32.8889
"409","11/18/87","Welland","CAN",71.2127886861731,216,"R",30,11,"NYI",76,9,8,34.4851
"410","10/29/90","Lipetsk","RUS",77.7704247263506,204,"L",27,9,"WPG",62,7,3,56.3125
"411","3/12/87","Cherepovets","RUS",71.2339788184925,187,"L",30,1,"VGK",3,1,1,25.3333
"412","9/3/87","Whitby","CAN",74.0059804661687,221,"L",30,10,"VGK",71,30,25,28.0545
"413","10/7/94","Torrance","USA",70.2854378896729,213,"L",23,3,"MTL",4,2,1,37.2857
"414","1/12/88","Hearst","CAN",71.5248529160689,185,"R",30,11,"PHI",82,25,34,33.3627
"415","6/5/80","Peterborough","CAN",72.4269249178254,216,"R",37,18,"NSH",16,1,2,31.6429
"416","4/4/88","Montreal","CAN",67.7809740944205,193,"R",29,4,"VAN",44,5,1,45.0253
"417","3/6/85","Toronto","CAN",73.1783341230076,210,"L",32,11,"MIN",81,9,6,34.0732
"418","9/10/88","Thunder Bay","CAN",74.2559559027237,220,"L",29,12,"CAR",79,14,19,22.5188
"419","12/6/86","Virginia","USA",71.3055977604458,203,"R",31,11,"WSH",68,4,7,53.7167
"420","1/14/91","Toronto","CAN",74.0734977474163,205,"L",27,7,"NYR",23,1,1,36
"421","7/15/85","Prince Albert","CAN",74.1552953765013,218,"R",32,8,"DAL, NYR",5,0,0,31.6667
"422","1/31/92","Brampton","CAN",73.1050556258062,201,"R",26,8,"DAL",82,23,40,30.6149
"423","6/4/80","Sorel","CAN",70.9699698785863,208,"L",37,14,"ANA",67,3,3,54.6882
"424","10/5/87","Villach","AUT",70.5390094501389,188,"L",30,9,"NYR, NJD",80,13,27,28.4371
"425","1/18/79","Rochester","USA",74.6151806427856,178,"R",39,16,"BOS",20,1,2,36.7857
"426","10/2/87","Madison","USA",72.6827274541381,202,"R",30,12,"PIT",82,8,34,28.7241
"427","6/13/83","Toronto","CAN",75.961996676741,214,"R",34,15,"DAL",78,4,8,31.8261
"428","3/15/86","Rødovre","DNK",75.1237293554602,198,"R",31,11,"SJS",46,7,2,36.3889
"429","3/12/83","Turku","FIN",74.8074540480857,215,"L",34,13,"MIN",82,6,14,29.0706
"430","2/16/88","Munich","DEU",71.9857459201588,214,"R",29,6,"ANA",16,1,0,54.6
"431","12/13/82","Smithers","CAN",70.0735375110818,204,"L",35,14,"DAL",80,9,3,60.4545
"432","8/13/83","Pardubice","CZE",73.7724662715225,177,"R",34,15,"MTL",7,2,0,30.2
"433","11/23/87","Gävle","SWE",74.1880119762765,210,"L",30,11,"WSH",81,17,21,32.7576
"434","2/17/88","Kladno","CZE",71.4507224542643,194,"L",29,10,"CGY",70,11,10,34.1257
"435","5/7/86","Elk River","USA",73.1915198896079,206,"R",31,9,"STL, MIN",57,12,3,61.6667
"436","5/24/88","Yaroslavl","RUS",74.0155131862329,198,"L",29,10,"CHI",72,12,20,23.4385
"437","2/19/88","Mississauga","CAN",75.10026485206,231,"L",29,11,"WPG",27,1,1,22.0385
"438","11/29/87","Victoria","CAN",71.367720719959,207,"L",30,6,"NSH",50,3,2,58.7097
"439","7/14/86","Magnitogorsk","RUS",66.5464065672911,228,"L",31,10,"NYI",13,5,1,14.4286
"440","9/7/86","Judique","CAN",73.9219519751352,204,"L",31,10,"PHI",66,12,6,61.8659
"441","6/25/98","Nizhnekamsk","RUS",73.8322245749619,215,"L",19,2,"TBL",79,8,9,47.7801
"442","6/8/82","Toronto","CAN",74.9007489744698,185,"L",35,15,"LAK, EDM",66,2,7,34.6172
"443","6/3/83","Sault Ste. Marie","CAN",74.408701436836,235,"R",34,13,"STL",50,11,1,36.1143
"444","9/5/99","Kromeriz","CZE",74.6723035580064,202,"L",18,1,"NYR",9,1,1,17.5714
"445","11/30/82","Repentigny","USA",73.4090939304345,180,"R",35,14,"BUF",82,7,16,37.256
"446","4/29/88","Winnipeg","CAN",72.3327213378756,201,"L",29,11,"CHI",74,11,20,27.2464
"447","10/30/91","Korkino","RUS",70.2657039511395,168,"R",26,3,"CBJ",81,22,27,32.4518
"448","4/24/87","Montreal","CAN",76.1149562637831,201,"R",30,12,"PIT",79,15,9,50.6937
"449","12/6/92","Ust-Kamenogorsk","RUS",68.1939387740798,175,"L",25,1,"BUF",47,2,0,47.175
"450","10/31/82","Kladno","CZE",70.5768606073991,193,"L",35,14,"MTL, TOR",77,9,6,34.1458
"451","1/5/88","Drummondville","CAN",74.1474757177233,188,"L",30,9,"WPG",70,24,17,28.0144
"452","3/13/90","Kingsville","CAN",71.251994681384,230,"R",27,7,"NJD",4,1,0,48.8
"453","7/5/86","Nizhny Tagil","RUS",71.4721558108538,201,"L",31,5,"DAL",82,22,27,25.7742
"454","5/2/87","Caroline","CAN",72.6969129531621,173,"L",30,11,"EDM",78,8,4,53.9111
"455","12/27/81","Winnipeg","CAN",73.0903687118655,200,"R",36,15,"CHI",70,9,10,33.021
"456","12/20/89","Toronto","CAN",74.8104606207606,195,"R",28,8,"VAN",42,4,2,60.9677
"457","9/1/87","Oslo","NOR",70.147351619851,179,"L",30,8,"NYR",80,19,16,35.3258
"458","11/22/92","Zhukovskiy","RUS",72.7387947881831,180,"L",25,5,"TBL, NYR",81,19,22,20.6323
"459","4/28/86","Ostrava","CZE",73.7301411765312,235,"R",31,12,"TOR",54,7,2,48.4468
"460","9/25/91","Gävle","SWE",72.9389795147509,186,"R",26,5,"NSH",68,8,16,29.9524
"461","10/29/91","Skellefteå","SWE",68.6360185820784,202,"L",26,4,"VGK",63,7,9,36.9136
"462","2/18/92","Kosice","SVK",72.2527083778781,212,"L",25,5,"TOR",2,0,0,0
"463","1/30/92","Tonka Bay","USA",73.3731266665475,205,"R",26,1,"TOR",2,0,2,40
"464","5/7/87","Edmonton","CAN",72.0253935843351,189,"L",30,10,"MTL",37,2,1,50.3158
"465","1/16/92","Newport Beach","USA",70.2649191046421,187,"L",26,7,"MIN",82,18,33,25.8559
"466","4/24/92","Scarborough","CAN",72.260183032019,197,"R",25,6,"LAK",82,20,24,31.5339
"467","1/30/92","Ottawa","CAN",67.3970274777213,187,"L",26,6,"BOS, NYR",59,8,13,32.9533
"468","7/25/92","Lau","SWE",76.3588395765361,198,"L",25,6,"BUF",80,13,4,44.1744
"469","10/18/91","Kansas City","USA",74.2196453152234,201,"R",26,2,"PHI, COL",15,0,0,53.3636
"470","4/18/92","Ellwood City","USA",71.3156096876775,221,"R",25,3,"DAL",75,5,8,58.7025
"471","6/17/92","St. Thomas","CAN",74.9609311676528,191,"L",25,5,"PIT",26,2,2,21.6667
"472","2/25/92","Everett","USA",74.8984947940917,203,"L",25,2,"FLA",44,5,4,31.2097
"473","4/15/92","North Vancouver","CAN",73.0567087255624,179,"R",25,3,"PHI",69,7,8,26.0294
"474","5/31/92","Shawinigan","CAN",71.4624571174019,198,"L",25,4,"TBL",5,0,0,37.4
"475","6/6/94","Oulu","FIN",72.0932387829999,191,"L",23,2,"CBJ",61,5,7,45.9494
"476","6/16/81","Grimsby","CAN",73.80311818995,197,"R",36,13,"ANA",59,18,0,58.8182
"477","5/19/92","Chelyabinsk","RUS",68.8222488151718,204,"L",25,5,"WSH",79,17,27,24.9358
"478","3/2/92","E. Weymouth","USA",72.1255902830712,221,"R",25,6,"MIN",66,16,11,28.906
"479","2/8/92","Stockholm","SWE",72.9424883596382,219,"L",25,5,"COL",68,9,3,53.589
"480","2/3/92","Oklahoma City","USA",73.3334928077918,205,"L",25,5,"VGK",34,1,1,47.4
"481","11/1/91","Minneapolis","USA",71.1236509360552,200,"R",26,4,"DAL",80,14,14,30.5814
"482","6/26/84","Binscarth","CAN",73.194073091715,210,"L",33,11,"NSH, NYR",48,20,1,28.7778
"483","10/15/91","Warroad","USA",72.6436019438314,212,"L",26,5,"NYI",82,17,19,21.6884
"484","3/3/92","Edmonton","CAN",75.3413893280616,206,"R",25,6,"FLA",67,11,2,51.6833
"485","6/14/92","Scarborough","CAN",74.1587073043225,223,"R",25,7,"WSH",75,11,7,30.9806
"486","12/15/86","Toronto","CAN",77.4584535389092,217,"R",31,11,"OTT",1,0,0,16
"487","7/17/92","Minneapolis","USA",72.7726999487113,218,"R",25,6,"FLA",82,17,19,25.1696
"488","11/27/91","Gardena","USA",76.2501295871845,195,"R",26,6,"STL",6,0,0,18
"489","3/4/92","Duluth","USA",71.5152628592732,215,"L",25,3,"LAK",78,11,1,55.1923
"490","5/8/92","Dorchester","USA",77.1617508872718,217,"L",25,4,"NYR",76,9,25,26.4535
"491","12/5/91","Windsor","USA",73.102266531067,215,"L",26,8,"ANA",67,6,8,44.6885
"492","12/27/85","Quebec City","USA",69.6674659319092,193,"L",32,12,"STL, WPG",82,13,16,20.0189
"493","1/13/92","Ann Arbor","USA",71.0272173942432,204,"R",26,4,"NSH",76,21,14,33.3646
"494","6/25/92","Wilcox","CAN",69.3832493452762,190,"L",25,7,"STL",62,13,24,27.8471
"495","8/7/87","Cole Harbour","CAN",72.941594939454,200,"L",30,13,"PIT",82,17,29,23.5344
"496","12/7/91","St. Catharines","CAN",70.194964506076,214,"L",26,7,"DET, PIT",81,15,11,31.2202
"497","1/13/87","Indianapolis","USA",75.1349878600897,227,"L",31,12,"CBJ",77,4,3,55.4205
"498","9/29/86","Alfred","CAN",70.2157276853944,200,"L",31,12,"BUF",74,9,13,30.7229
"499","11/29/90","Plzen","CZE",74.1173350183324,220,"R",27,6,"TBL",44,0,2,56.2222
"500","5/27/91","Walpole","USA",70.5342487318575,198,"R",26,4,"ANA, NYI",79,18,7,33.4946
"501","8/24/87","Jesenice","SVN",72.4447308163021,224,"L",30,12,"LAK",82,15,35,32.5
"502","4/1/83","Kalajoki","FIN",71.0656018657404,191,"L",34,13,"EDM, LAK, CBJ, VAN",60,6,5,32.8767
"503","6/23/83","Wawota","CAN",70.8323099205317,200,"L",34,13,"LAK",12,1,0,24.8
"504","5/16/92","Toronto","CAN",70.0781899350697,200,"L",25,8,"CAR",82,29,24,24.704
"505","6/9/92","Toronto","CAN",75.0537413960538,213,"R",25,3,"TOR",82,18,15,23.0336
"506","2/20/87","Pisek","CZE",75.5238182526301,230,"L",30,11,"DAL",38,7,5,42.4194
"507","10/21/91","Kazan","RUS",71.4175621475659,180,"L",26,6,"VAN",24,2,2,38.3889
"508","4/3/82","Edmonton","CAN",72.2273039203794,214,"R",35,9,"VGK",79,6,5,51.7407
"509","1/7/92","Ottawa","CAN",75.5209392279902,220,"R",26,7,"VAN",52,5,2,62.8868
"510","6/8/92","Winchester","USA",72.2413763683601,175,"L",25,3,"PIT",79,13,18,26.5352
"511","5/2/92","Campbell River","CAN",73.3165524642712,195,"R",25,7,"WSH",70,4,15,23.5522
"512","7/31/92","Vancouver","CAN",70.4232460185088,218,"R",25,7,"NSH",79,19,15,25.062
"513","12/23/86","Everett","USA",71.984646964621,195,"R",31,10,"WSH",74,21,18,27.7717
"514","3/25/94","Sudbury","CAN",75.4715023639023,217,"L",23,3,"VAN",37,6,4,33.1273
"515","1/11/92","Sherwood Park","CAN",74.2346382594804,200,"R",26,6,"FLA",82,13,3,46.0943
"516","7/24/91","Middletown","USA",74.3544988705661,188,"R",26,4,"CAR",79,5,3,52.5766
"517","1/18/91","Oviedo","USA",77.1367240011001,200,"R",27,3,"SJS, VGK",52,5,9,30.1529
"518","9/8/92","Chur","CHE",74.4846323036939,216,"L",25,7,"MIN",63,16,18,24.9098
"519","2/9/91","Gothenburg","SWE",71.4923684789964,204,"R",26,5,"LAK",65,9,3,61.6724
"520","6/25/92","Dearborn Heights","USA",74.7344634908611,182,"L",25,4,"CHI",55,7,5,53.404
"521","3/30/87","Montreal","CAN",74.1520763730457,205,"L",30,12,"SJS",81,7,11,55.4348
"522","4/27/87","Thunder Bay","USA",75.0604384785078,193,"L",30,8,"WSH, CBJ",25,1,1,62.0714
"523","2/25/92","Stockholm","SWE",71.1828942849386,189,"L",25,5,"CAR",75,8,2,40.0309
"524","4/9/92","Ile Bizard","CAN",75.1132707312517,204,"L",25,5,"VAN",9,2,0,23.5
"525","10/1/81","Stockholm","SWE",74.726967806589,191,"L",36,12,"OTT, PHI",52,4,4,53.7119
"526","5/11/92","Pontiac","USA",72.523728362176,192,"R",25,4,"PIT",69,23,13,26.8699
"527","2/25/87","Muskegon","USA",72.361067145303,214,"L",30,11,"DET",75,19,13,25.7727
"528","10/12/86","Charlottetown","CAN",76.6627224932523,212,"R",31,9,"BOS",38,7,1,55.2564
"529","4/13/92","Raahe","FIN",74.2189955655166,190,"R",25,3,"SJS",66,18,14,23.6124
"530","5/6/92","Edmonton","CAN",73.1519000254941,181,"R",25,6,"MTL",82,29,31,25.8022
"531","9/9/86","Boston","USA",76.8910723843751,196,"L",31,12,"FLA",82,14,8,59.3911
"532","1/21/92","Landshut","DEU",74.5958551728217,196,"L",26,3,"PIT",69,8,2,30.0159
"533","4/7/92","Sodertalje","SWE",79.5568815713223,175,"L",25,2,"SJS",32,7,5,21.76
"534","3/20/84","Vantaa","FIN",69.1231628062084,196,"L",33,13,"PHI",81,11,11,26.0141
"535","8/8/87","Sicamous","CAN",74.3609333341029,224,"R",30,9,"CHI",23,4,1,59.1961
"536","7/2/87","Trebic","CZE",73.8238945738269,184,"L",30,9,"STL",81,18,11,31.2353
"537","1/27/91","Gothenburg","SWE",71.7899911420224,185,"R",27,2,"SJS",29,1,3,47.8824
"538","4/30/92","Morristown","USA",73.7266325096704,202,"L",25,4,"BOS",5,1,0,25.1818
"539","3/18/89","Thunder Bay","CAN",74.4081806381321,216,"R",28,7,"STL",72,5,4,48.4605
"540","8/10/94","Staten Island","USA",73.346613182215,204,"L",23,1,"PIT",16,1,4,23.1
"541","11/1/91","Sherwood Park","CAN",73.6241150808627,193,"L",26,3,"MTL",38,4,6,22.4231
"542","12/2/91","Nassjo","SWE",76.030528211944,191,"R",26,5,"NYR",71,16,13,25.7375
"543","10/27/86","St. Louis","USA",73.4735545378869,196,"L",31,10,"STL",6,0,0,52
"544","7/17/91","Karlskrona","SWE",71.1887961716526,200,"L",26,8,"ARI",82,22,14,47.0149
"545","5/13/86","Charlotte","USA",71.4785315237758,206,"R",31,11,"ANA",10,2,1,25.75
"546","2/14/87","Thunder Bay","CAN",72.2005659689707,185,"L",30,7,"OTT",81,10,7,24.3786
"547","6/6/87","Eksjo","SWE",74.1143242545269,197,"L",30,11,"ARI",48,8,1,68.0625
"548","11/23/91","Kennebunkport","USA",71.0705320701537,208,"R",26,3,"CGY",59,21,4,32.4559
"549","7/15/90","Island Park","USA",77.9418847923242,210,"L",27,4,"NSH",32,6,1,49.32
"550","8/21/91","Taber","CAN",70.8464821913832,208,"L",26,4,"MTL, EDM, NYI",51,8,4,62.5079
"551","5/1/93","Bromont","CAN",76.2044191283614,179,"R",24,2,"NSH",20,3,0,26
"552","2/6/95","Excelsior","USA",69.0816957456371,195,"R",22,1,"NYR",19,3,1,38
"553","2/15/72","Kladno","CZE",71.3562317868694,230,"L",45,24,"CGY",22,1,1,24
"554","7/18/90","Lycksele","SWE",70.7455711363775,180,"R",27,4,"SJS",71,11,8,30.2895
"555","1/1/92","Toronto","CAN",72.8415731546436,195,"R",26,5,"CGY, ARI",16,1,0,34.9167
"556","3/6/92","Kingsford","USA",70.7659636071273,212,"L",25,3,"LAK",16,1,0,54.8
"557","9/29/98","Spokane","USA",75.9790599716325,154,"R",19,1,"EDM",9,4,0,18.913
"558","3/6/85","Le Blanc-Mesnil","FRA",71.6466238878712,198,"L",32,4,"VGK",72,9,6,40.7935
"559","9/1/92","Pardubice","CZE",69.888860467344,210,"L",25,3,"VGK",67,10,7,25.163
"560","2/7/96","Windsor","CAN",76.2992611368071,216,"R",21,4,"FLA",82,12,16,43.1799
"561","11/6/95","West Vancouver","CAN",72.6283745520297,192,"R",22,4,"BUF",82,21,25,28.3032
"562","10/27/95","Cologne","DEU",73.2344182738241,215,"L",22,4,"EDM",78,20,25,24.268
"563","6/20/96","Holland Landing","CAN",71.8850326669534,200,"L",21,4,"CGY",82,20,11,29.3376
"564","6/20/96","Richmond Hill","CAN",74.3857204183573,204,"L",21,1,"NYI",4,0,0,34
"565","8/17/96","New Westminster","CAN",73.3708252245162,229,"R",21,3,"VAN",75,14,10,29.6308
"566","7/8/96","Carlyle","CAN",71.9036429468643,221,"L",21,1,"CAR",67,3,0,46.814
"567","5/1/96","Calgary","SWE",71.32602693052,191,"R",21,3,"TOR",82,19,20,27.4511
"568","2/14/96","Aalborg","DNK",74.221485628355,172,"L",21,3,"WPG",82,27,29,35.5844
"569","12/5/95","Orangeville","CAN",77.0606890149184,234,"L",22,3,"ANA",76,13,10,25.5492
"570","7/22/96","St. Gallen","CHE",74.918384938885,193,"L",21,4,"NSH",80,28,23,24.0428
"571","4/27/96","Guildford","GBR",77.7027892527855,211,"L",21,2,"ARI",74,7,17,31.155
"572","2/28/96","Prague","CZE",74.6008600934438,197,"L",21,2,"WSH",73,15,13,22.9398
"573","12/3/95","Jyväskylä","FIN",70.8088250413214,186,"R",22,2,"DAL",42,4,1,52.9762
"574","7/30/96","Waterford","USA",72.1531243860329,198,"L",21,3,"DET",82,26,16,32.5474
"575","5/12/96","Massapequa","USA",73.4458238129505,195,"L",21,3,"CBJ",55,9,14,25.5507
"576","7/24/87","Oxford","USA",69.6279715012702,176,"L",30,9,"CBJ",2,0,0,51
"577","5/10/96","Syracuse","USA",74.8314249352917,222,"R",21,2,"VGK",78,5,15,24.5088
"578","8/26/90","Carmel","USA",75.6435166774109,217,"R",27,4,"PIT",3,0,0,56
"579","11/22/98","Eden Prairie","USA",69.5732740513491,201,"L",19,1,"BUF",6,1,1,25.8889
"580","7/23/96","Kuopio","FIN",69.4716852806629,187,"R",21,3,"TOR",38,3,7,28.9455
"581","8/14/92","Gothenburg","SWE",77.0568948033835,177,"R",25,4,"DAL",82,11,8,47.9755
"582","9/30/86","Toronto","CAN",70.3720966519324,188,"L",31,7,"MIN",1,0,0,47
"583","5/25/96","Havirov","CZE",74.5238398409171,188,"R",21,4,"BOS",82,31,35,30.1463
"584","12/30/95","Moscow","RUS",72.5878166766783,192,"L",22,2,"MTL",26,4,4,31.7949
"585","10/7/95","Moscow","RUS",77.9187879020853,185,"L",22,3,"VAN",38,2,8,27.12
"586","1/22/96","Toronto","CAN",72.1108308452654,173,"R",22,2,"NYI",22,9,2,42.3889
"587","9/13/96","Kramfors","SWE",73.3607533888432,195,"L",21,2,"LAK",81,8,16,31.0588
"588","4/16/96","Edmonton","CAN",72.5833009477467,195,"L",21,2,"NJD",2,0,0,32.6
"589","3/15/96","Denver","USA",75.3048155124254,210,"L",21,1,"WPG",9,4,1,35.3333
"590","12/14/95","Moscow","RUS",76.7410254441813,187,"L",22,2,"STL",53,4,7,27.7556
"591","2/16/99","Peterborough","CAN",73.5550090648487,200,"R",18,1,"FLA",7,0,1,41.7059
"592","5/8/96","Skellefteå","SWE",76.3221931375298,180,"L",21,1,"ANA",22,1,1,59.6875
"593","1/21/96","Stockholm","SWE",73.5606092592022,189,"L",22,2,"OTT",1,0,0,0
"594","8/12/96","Orsk","RUS",68.3390951227902,194,"L",21,2,"COL",3,0,0,31
"595","1/20/96","Listowel","CAN",71.0031624988118,195,"R",22,1,"CAR",10,2,0,64.2857
"596","2/7/94","Cardiff","AUS",72.6516397356096,186,"L",23,1,"WSH, EDM",9,3,1,29.6667
"597","4/11/94","Brantford","CAN",71.4654129211463,192,"R",23,2,"ANA",80,13,9,44.7625
"598","4/9/96","Boston","USA",71.9747422184143,181,"L",21,1,"BOS",12,2,5,28.5833
"599","2/2/96","Palos","USA",75.7151276931801,195,"L",21,2,"ARI",78,9,15,23.7285
"600","1/15/99","Nove Mesto na Morave","CZE",71.530732811602,167,"R",19,1,"CAR",1,0,0,0
"601","2/25/96","Pointe-Claire","CAN",73.2689362736745,200,"L",21,1,"DET",5,0,0,53.6667
"602","8/28/91","Cadca","SVK",71.4504508973815,197,"R",26,3,"CGY",3,0,0,25.5
"603","4/1/96","Markham","CAN",71.410554044786,190,"L",21,1,"CAR",2,0,2,26.5
"604","9/24/95","Winnipeg","CAN",72.0474111528445,214,"R",22,3,"MTL",18,0,0,74.2143
"605","2/4/85","Elk Point","CAN",70.7965102036226,195,"R",32,9,"EDM, CBJ",80,1,9,35.6757
"606","5/14/96","Skokie","USA",73.797366900476,193,"R",21,1,"MIN",1,0,0,0
"607","8/1/86","Tibro","SWE",70.7271725885091,190,"R",31,11,"TBL",80,10,4,48.374
"608","5/13/96","Sault Ste. Marie","CAN",73.0786475240951,204,"R",21,1,"LAK",37,3,4,31.75
"609","11/21/89","Roubaix","FRA",73.8701984364943,195,"L",28,6,"DAL",73,37,5,31.7529
"610","10/13/98","Smogen","SWE",72.2736088114258,204,"L",19,1,"NYR",7,1,1,31.4
"611","9/5/95","Umea","SWE",75.358315634977,176,"L",22,2,"CAR",11,1,1,34.5
"612","2/20/84","Concord","USA",76.6583954999914,205,"R",33,10,"NJD",57,4,2,60.6757
"613","12/11/88","Abington","USA",71.0160536776273,207,"R",29,2,"OTT",2,0,0,38
"614","1/1/87","Sollentuna","SWE",73.5000064545961,189,"R",31,10,"PIT",70,22,29,22.8826
"615","11/30/93","Lakeville","USA",74.7664819442233,180,"R",24,1,"MIN",1,0,0,0
"616","4/8/93","Skellefteå","SWE",76.9499854867425,180,"R",24,4,"NSH",78,20,29,32.5951
"617","7/5/95","Langley","CAN",70.0799931432839,185,"L",22,2,"BOS",77,13,16,27.1333
"618","9/19/98","Winnipeg","CAN",73.7326589919013,198,"R",19,1,"PHI",73,17,13,26.3858
"619","6/12/96","Linkoping","SWE",71.201406534709,186,"L",21,2,"CHI",41,8,3,49.061
"620","7/26/91","Victoria","CAN",75.2073787287045,190,"R",26,7,"COL",68,9,14,48.8427
"621","12/21/93","Eden","USA",73.6912070638231,185,"L",24,1,"LAK",75,16,9,29.3411
"622","8/15/96","Gävle","SWE",74.1369572488285,191,"L",21,1,"PHI",23,1,2,27.8333
"623","7/29/92","Thornhill","CAN",72.6048416462912,207,"L",25,1,"LAK",2,0,0,0
"624","7/3/90","Vasteras","SWE",70.4995733844057,192,"L",27,3,"ANA",27,1,1,23.6842
"625","11/29/94","Skellefteå","SWE",67.7417039183491,191,"L",23,2,"COL",48,3,0,64.9091
"626","8/5/96","Mequon","USA",71.7297802464417,186,"L",21,1,"BOS",30,4,4,29.5333
"627","3/2/98","Calgary","CAN",71.5098099219002,192,"R",19,2,"BUF",3,0,1,17
"628","9/14/89","Halifax","CAN",68.3916790612859,196,"L",28,6,"TBL",82,14,15,29.7885
"629","9/24/88","Burnaby","CAN",75.356893116463,217,"L",29,10,"MTL",82,10,1,55.9286
"630","10/11/88","Snowflake","CAN",72.416992109672,223,"L",29,9,"BUF",46,6,1,68.1111
"631","7/18/89","Victoria","CAN",73.3821688754847,209,"L",28,9,"DAL",82,18,36,29.7012
"632","5/12/91","Pilsen","CZE",73.0402630606757,200,"L",26,1,"MTL, WSH",36,3,2,56.4545
"633","1/12/95","Chomutov","CZE",74.6582925157998,195,"L",23,1,"CHI",46,9,4,31.8696
"634","7/29/95","Hermantown","USA",71.8823403173351,190,"R",22,1,"NYR",28,2,1,52.0741
"635","10/7/91","Ljunby","SWE",71.7705161630335,210,"L",26,1,"LAK",27,3,2,46.3333
"636","4/29/84","Welland","CAN",75.072316312335,212,"R",33,12,"TBL",77,8,6,59.6344
"637","6/17/96","Montmagny","CAN",73.4454895024526,205,"L",21,1,"STL",11,1,1,23.6667
"638","4/20/88","Hartford","USA",75.8225358619391,196,"L",29,9,"NSH",71,11,12,29.6988
"639","6/1/95","Aurora","CAN",73.4814048363667,158,"L",22,1,"CHI",5,0,0,38
"640","2/21/89","Ann Arbor","USA",71.1372008573585,219,"L",28,8,"PIT, CBJ",67,14,5,53.119
"641","6/18/95","Stockholm","SWE",75.22462946006,212,"L",22,1,"TOR",48,5,3,57.3261
"642","2/20/89","Toronto","CAN",73.6500237474729,174,"R",28,2,"OTT",24,2,6,30.9565
"643","12/8/91","Stockholm","SWE",72.2939901768727,190,"L",26,1,"VAN",1,0,0,0
"644","2/28/94","Lempaala","FIN",71.3857304887309,165,"L",23,1,"FLA",5,0,0,34.6667
"645","1/29/89","Maplewood","USA",72.7419808224063,195,"R",29,5,"OTT",10,2,0,32.2727
"646","2/10/87","Minneapolis","USA",73.39872119869,205,"R",30,8,"SJS",81,9,5,57.2174
"647","7/29/90","Písek","CZE",73.9578696894243,200,"R",27,1,"CHI",57,5,6,47.7887
"648","1/21/87","St. Andrews","CAN",75.3427445989206,196,"L",31,11,"DET",75,17,13,36.8582
"649","1/29/89","New Rochelle","USA",69.763435974652,200,"R",29,8,"NYR",46,7,5,50.9681
"650","8/3/95","Langley","CAN",75.3334991714085,195,"L",22,3,"VGK",61,8,6,43.6319
"651","5/5/92","Southampton","USA",71.8098684670001,170,"R",25,1,"BUF",9,0,0,20
"652","4/23/88","St. Louis","USA",72.4130951635651,225,"L",29,7,"EDM, NJD",74,18,17,23.7943
"653","11/8/95","Kadan","CZE",70.9954103034967,185,"R",22,2,"ANA",66,18,20,28.9932
"654","5/4/89","Middletown","USA",70.4529252031354,217,"L",28,9,"TOR",81,6,36,22.3548
"655","4/27/89","Ottawa","CAN",72.5615070629781,162,"L",28,8,"MTL",82,23,20,19.2783
"656","8/10/89","London","CAN",73.4070036435042,200,"R",28,11,"VAN",74,11,10,37.3354
"657","2/27/96","Halifax","CAN",71.5580807305344,181,"L",21,1,"CHI",13,2,2,26.5185
"658","3/28/89","Guelph","CAN",72.0123144846126,205,"L",28,9,"SJS",78,10,34,36.201
"659","5/13/89","Toronto","CAN",72.7609312543626,210,"R",28,9,"NSH",82,23,16,60.5072
"660","7/1/94","Keswick","CAN",74.3662420279972,195,"L",23,4,"SJS",82,18,17,28.4407
"661","4/18/89","North York","CAN",71.2438293077938,225,"R",28,5,"WSH",2,1,0,0
"662","5/9/89","Consort","CAN",72.81242423802,190,"R",28,7,"BOS",76,15,15,30.9823
"663","2/8/89","Calgary","CAN",68.2655231363422,188,"L",28,6,"NYI",69,11,5,48.1379
"664","12/9/87","Ann Arbor","USA",73.12575571713,208,"R",30,8,"MTL",82,11,12,45.9831
"665","8/14/89","New Westminster","CAN",72.5941225768841,190,"R",28,10,"OTT, NSH",76,17,16,29.5517
"666","7/16/90","Albany","USA",72.5911367232586,219,"L",27,5,"DET",1,0,0,0
"667","2/22/89","Red Deer","CAN",76.3369547369957,195,"R",28,8,"BOS",14,0,0,46.7143
"668","2/17/96","Umea","SWE",69.7402437358476,170,"L",21,1,"NYI",22,4,1,49.0417
"669","5/4/96","Kamloops","CAN",73.7337973354491,180,"L",21,1,"DET",5,3,0,40.5
"670","5/20/89","Miramichi","CAN",75.1337203367407,213,"L",28,6,"EDM",7,1,0,31.2222
"671","2/8/89","Mimico","CAN",70.5022216269963,211,"L",28,7,"NYR",44,20,1,49.2121
"672","2/14/89","Huntington","CAN",74.8035230967949,191,"R",28,10,"VAN",61,18,11,33.8208
"673","5/24/90","Borlange","SWE",72.5608667032763,215,"L",27,7,"NSH",81,20,10,55.4889
"674","4/20/89","Red Deer","CAN",75.7360563779154,195,"R",28,7,"FLA",76,6,11,33.5816
"675","10/24/95","Sewell","USA",71.8691357844129,181,"R",22,2,"NYR",32,4,0,45.8235
"676","5/28/88","Sherbrooke","CAN",71.9811955500119,200,"R",29,11,"VGK",70,25,16,34.1349
"677","12/4/97","Chesterfield","USA",73.5554600753734,193,"R",20,1,"MIN",19,4,2,38.9688
"678","2/23/96","Madison","USA",72.9540063542523,177,"R",21,2,"CHI",78,13,21,26.2966
"679","11/11/80","Toronto","CAN",75.8686903365811,190,"L",37,14,"ANA",12,1,0,28.8
"680","11/24/95","Cranbrook","CAN",74.119423718508,197,"L",22,1,"FLA",11,2,0,32.4167
"681","6/3/91","Jyväskylä","FIN",74.6248203763932,185,"R",26,6,"ANA, NJD",72,14,4,58.3931
"682","6/4/88","Edmonton","CAN",69.7500624699,201,"R",29,5,"BUF",7,0,0,58.25
"683","11/9/86","Orebro","SWE",72.9632083540631,198,"L",31,9,"STL",63,8,5,50.2203
"684","6/14/86","Ilderton","CAN",73.6531066595027,185,"R",31,7,"PHI",19,1,1,27.25
"685","9/19/88","Kramfors","SWE",72.5845342338005,185,"L",29,1,"ARI",18,2,2,31.2
"686","9/23/88","Morges","CHE",72.9252290468969,200,"R",29,10,"NSH",47,3,2,47.65
"687","6/16/84","Brampton","CAN",71.8257763328804,211,"L",33,15,"NYR, BOS",71,25,21,27.987
"688","11/19/88","Buffalo","USA",70.6797903665493,177,"L",29,11,"CHI",82,20,27,28.9158
"689","11/15/87","Los Angeles","USA",74.7711456409198,210,"R",30,5,"BOS",68,14,1,50.3125
"690","6/11/81","Sudbury","CAN",75.4251937676028,181,"L",36,15,"FLA",75,8,3,37.593
"691","12/14/89","Burlington","CAN",74.8284023276714,180,"L",28,5,"TBL",36,11,8,28.6667
"692","3/12/89","Chelyabinsk","RUS",72.0203576448825,185,"L",28,4,"FLA",74,12,28,27.3032
"693","3/17/89","Vasteras","SWE",74.5458198470868,199,"L",28,10,"CGY",82,8,14,34.4252
"694","6/13/89","St. Paul","USA",69.9800325189139,215,"L",28,8,"NYR, TBL",63,10,4,48.1515
"695","11/20/88","New Canaan","USA",67.9422723307643,206,"L",29,10,"MTL",64,10,17,30.316
"696","2/26/88","Braintree","USA",78.1206414892539,175,"L",29,3,"NJD",59,10,12,29
"697","8/15/89","Kladno","CZE",75.27491466688,214,"L",28,10,"PHI",82,29,20,32.7719
"698","2/21/89","Woodstock","CAN",70.2299972980415,213,"L",28,7,"LAK",74,2,8,51.4286
"699","7/26/87","Rochester Hills","USA",73.6309046173612,208,"L",30,9,"LAK",77,3,9,56.3153
"700","5/13/92","Winnipeg","CAN",74.0334178314282,219,"R",25,6,"OTT",58,13,20,29.697
"701","2/14/94","Calgary","CAN",71.1012030388963,189,"R",23,1,"OTT",4,0,0,0
"702","8/23/88","Sodertalje","SWE",75.4850554423427,186,"L",29,7,"PIT",81,20,10,33.9941
"703","5/19/94","St. Albert","CAN",69.9937744997511,190,"R",23,1,"CGY",4,2,2,20.75
"704","5/8/89","Rodovre","DNK",72.1098514764159,207,"L",28,9,"WSH",81,18,18,33.7019
"705","8/26/88","Scarborough","CAN",72.7066394318864,185,"R",29,10,"PHI",75,16,24,27.8977
"706","10/7/83","Fort McMurray","CAN",71.0233073465433,200,"L",34,15,"STL",63,16,7,31.0845
"707","10/9/83","Toronto","CAN",71.1640281839898,195,"L",34,14,"DET",77,6,9,49.5825
"708","5/15/87","St. Albert","CAN",73.089373629565,214,"L",30,7,"NYR, BOS",73,4,4,46.25
"709","10/6/90","London","CAN",72.5503276907116,190,"L",27,9,"TOR",80,27,32,27.1896
"710","8/13/97","Mississauga","CAN",77.6030753263111,196,"L",20,1,"ARI",1,0,0,0
"711","12/18/90","Ornskoldsvik","SWE",72.9466025082661,223,"L",27,9,"TBL",77,15,17,47.3519
"712","6/9/88","Dorval","CAN",71.7019639749655,195,"R",29,9,"ARI",69,3,6,50.2421
"713","10/9/80","Njurunda","SWE",72.4205794965851,197,"L",37,15,"DET",82,10,11,32.1222
"714","6/2/88","Västerås","SWE",71.5067594472923,219,"L",29,10,"STL",57,6,17,30.8036
"715","3/30/86","Guelph","CAN",71.9067105741639,205,"L",31,8,"FLA",75,31,3,26.9091
"716","3/7/93","New Lenox","USA",72.2119308821426,178,"L",24,1,"CBJ",2,0,0,13
"717","4/27/93","Petawawa","CAN",71.8508633098754,178,"L",24,2,"TBL",10,4,2,22.8824
"718","4/24/84","Herning","DNK",71.7307448147016,188,"L",33,12,"DET",79,16,16,32.7985
"719","3/28/91","Frydek-Mistek","CZE",71.4611031118776,188,"L",26,6,"TBL",56,18,11,34.055
"720","4/24/92","Oakville","CAN",69.5612122390178,183,"L",25,4,"PIT, DET, BUF",69,6,6,32.6837
"721","9/27/83","Edmonton","CAN",78.5107306613004,206,"L",34,15,"STL",35,1,2,61.3333
"722","4/5/88","Maple Creek","CAN",69.7119637328796,208,"L",29,10,"OTT",68,26,5,32.5484
"723","7/17/95","Windsor","CAN",69.7671674532013,180,"L",22,1,"ARI",8,1,1,56.4
"724","3/26/93","Toronto","CAN",70.0767321924438,205,"R",24,6,"PIT",5,0,0,46.5
"725","7/6/93","Massapequa","USA",73.893469267638,215,"L",24,2,"BOS, NYR",30,6,0,56.2381
"726","12/19/83","Mississauga","CAN",70.150362843544,195,"L",34,15,"CGY",68,8,4,29.1538
"727","2/25/93","Ceské Budejovice","CZE",74.3683700136762,205,"L",24,2,"CBJ",53,11,4,23.92
"728","10/7/91","Hinsdale","CAN",72.9933480599762,213,"R",26,4,"ANA",80,13,7,50.1709
"729","12/12/94","Drummondville","CAN",72.0182768549166,162,"L",23,1,"PHI",4,0,0,23.6667
"730","3/14/94","East Longmeadow","USA",77.4389991495307,201,"L",23,3,"BOS, FLA",41,10,7,34.2778
"731","2/2/92","Fullerton","USA",72.8552475570655,179,"L",25,1,"FLA",8,1,0,25.8333
"732","5/1/92","De Pere","USA",70.0074543937701,188,"L",25,3,"OTT",30,9,3,38.2424
"733","10/14/93","Nizhny Tagil","RUS",67.2328263825227,185,"L",24,3,"TOR, STL",15,5,1,28.8824
"734","10/6/92","Regina","CAN",76.7000714808769,176,"R",25,3,"PIT, ARI",42,6,5,32.9048
"735","3/31/98","Boca Raton","USA",70.0677901967121,210,"L",19,2,"ARI",50,4,4,45.8235
"736","9/14/93","Hopkins","USA",70.6917999260774,185,"L",24,1,"WSH",8,0,0,46.5
"737","5/1/93","London","CAN",73.2317764365591,195,"R",24,3,"SJS",63,10,0,50.9403
"738","9/13/99","Barrie","CAN",74.7982583826289,165,"L",18,1,"OTT",1,0,0,0
"739","8/25/91","Loviisa","FIN",70.8234571743525,212,"R",26,4,"EDM",40,2,2,40.52
"740","9/22/87","Hull","CAN",74.3225167671806,202,"L",30,11,"OTT, PIT",72,14,21,29
"741","10/16/85","Calgary","CAN",70.7534382202143,218,"R",32,10,"WSH",79,5,7,26.9385
"742","3/23/93","Mlada Boleslav","CZE",72.5056741385808,160,"R",24,1,"VGK",10,2,1,32.9333
"743","4/27/93","Brampton","CAN",70.2820810461246,208,"L",24,4,"WSH",5,0,0,33
"744","8/13/93","Salem","USA",76.2836375042843,157,"L",24,5,"CGY",80,39,24,28.1366
"745","1/25/97","Boston","USA",75.5066509766816,206,"L",21,3,"CAR",79,6,10,43.0182
"746","5/11/95","Nizhnekamsk","RUS",73.0118422343481,215,"L",22,2,"MTL",2,0,0,62.5
"747","12/9/96","Shelby Twp.","USA",73.6679125822497,182,"L",21,2,"WPG",76,11,31,26.5729
"748","6/13/81","Mlada Boleslav","CZE",74.1485100598699,194,"R",36,16,"FLA",42,4,5,34.8295
"749","1/30/97","Boston","USA",72.7250133331667,183,"R",21,14,"OTT",21,3,2,32.0833
"750","4/6/97","Brno","CZE",73.3116100586814,210,"L",20,3,"NJD",69,6,8,28.7411
"751","1/13/97","Richmond Hill","CAN",70.0715770417962,192,"L",21,3,"EDM",82,36,41,19.9491
"752","10/28/96","North Chelmsford","USA",75.1962636660583,206,"R",21,3,"BUF",67,24,25,34.2276
"753","1/10/93","Landshut","DEU",72.4794935256496,188,"L",25,4,"ARI, LAK",78,10,12,26.5351
"754","10/29/96","Mississauga","CAN",77.0999869062826,203,"L",21,1,"STL",75,7,5,49.0217
"755","12/22/96","Newmarket","CAN",71.6692251712639,208,"L",21,1,"TOR",37,7,1,57.7778
"756","2/16/97","Canton","USA",66.8204102313207,226,"L",20,1,"MIN",6,0,0,22.25
"757","10/8/96","Herisau","CHE",77.3081169964421,215,"L",21,2,"SJS",81,33,21,25.7143
"758","11/24/92","Stockholm","SWE",69.6190827650021,200,"L",25,3,"OTT",64,6,1,53.7667
"759","2/20/93","Milford","USA",72.2895327690241,200,"L",24,3,"NJD",2,0,0,42
"760","6/3/93","Eden Prairie","USA",76.5258850406917,200,"L",24,1,"MIN",22,5,0,48.9412
"761","12/14/96","Joliette","CAN",74.7179919988935,204,"L",21,2,"COL",17,7,0,29.9231
"762","1/20/93","Dublin","USA",70.8134269865866,213,"L",25,2,"BOS",75,18,6,36.5522
"763","7/29/97","Edmonton","CAN",74.4944678005536,196,"L",20,2,"BUF",18,2,0,44.0811
"764","7/2/79","London","CAN",74.1930587840769,220,"L",38,20,"SJS",47,15,13,34.8133
"765","7/26/97","Rauma","FIN",73.1839803479833,172,"L",20,2,"CAR",78,19,29,29.925
"766","7/20/91","Belleville","CAN",74.3671166780633,182,"R",26,7,"MTL",51,12,10,26.1383
"767","10/31/96","Yuzhno-Sakhalinsk","RUS",75.0269705927173,212,"L",21,2,"DET",14,4,2,38.6667
"768","4/15/97","Chicago","USA",70.608236125755,214,"R",20,2,"ARI",79,13,15,24.3182
"769","11/16/92","Rochester","USA",69.158741918635,193,"L",25,4,"NYI",14,4,1,30.85
"770","7/11/93","Pittsburgh","USA",76.0317475076671,182,"R",24,5,"FLA",82,32,31,27.8537
"771","3/11/97","London","CAN",75.9868120632886,175,"R",20,2,"PHI",81,24,24,26.2881
"772","3/7/97","Mississauga","CAN",71.948787715983,200,"L",20,2,"ARI",21,1,4,23.7667
"773","7/20/93","Belleville","CAN",75.4477119427385,185,"L",24,4,"ARI",71,29,12,28.7227
"774","11/26/96","Colorado Springs","USA",68.4728343046665,208,"R",21,2,"BOS",76,6,0,55.0921
"775","2/25/97","Burnsville","USA",72.3163821648719,191,"R",20,2,"VAN",62,9,29,33.4637
"776","5/26/97","Coquitlam","CAN",69.2486622046238,189,"R",20,2,"NYI",82,40,22,24.3235
"777","5/23/97","Calgary","CAN",72.8276547958686,194,"L",20,1,"ARI",1,1,0,0
"778","12/2/80","North York","CAN",70.5488055531588,225,"R",37,11,"SJS",52,7,5,25.1
"779","3/9/93","Richmond Hill","CAN",73.5040906903931,193,"L",24,2,"NYR",1,0,0,7
"780","7/6/91","Katrineholm","SWE",72.8413836204833,207,"L",26,4,"CAR",33,2,1,50.0465
"781","5/17/91","Pickering","CAN",72.9189177133098,203,"L",26,4,"LAK",45,14,3,31.4255
"782","9/26/92","Denver","USA",75.7277353573617,195,"R",25,4,"LAK, OTT, CGY",64,5,5,29.9467
"783","4/27/93","Duluth","USA",72.9048508269528,206,"R",24,1,"ANA",7,0,0,60.1667
"784","2/25/93","Belleville","CAN",71.906269990507,203,"L",24,3,"NYI",21,1,0,35.4
"785","1/29/97","Columbus","USA",76.074003051705,187,"R",21,2,"WPG",31,3,5,31.5263
"786","7/19/97","Grosse Pointe","USA",72.0089418461934,209,"L",20,2,"CBJ",77,13,16,41.8792
"787","2/5/97","Amos","CAN",67.9137099066568,208,"R",20,1,"CAR",1,2,0,50
"788","10/24/92","Eden Prairie","USA",75.3731281095546,176,"L",25,3,"MIN",3,0,0,32.25
"789","3/9/92","Wheaton","USA",74.4177204411449,190,"L",25,3,"OTT",79,21,23,24.9779
"790","3/17/97","Amsterdam","NLD",75.1235169014318,180,"R",20,2,"PIT",8,3,2,27.9545
"791","11/11/92","Ottawa","CAN",70.3161442079936,184,"R",25,6,"OTT",78,25,14,34.9524
"792","1/30/97","Sainte-Marie","CAN",73.1085008604022,196,"L",21,2,"OTT",63,4,9,43.9255
"793","7/13/93","Chicago","USA",71.0934434772534,195,"L",24,3,"MIN, MTL",57,3,2,45.9385
"794","9/8/93","Lansing","USA",73.4601610389413,195,"L",24,5,"VAN",20,7,3,28.0811
"795","7/16/83","Winnipeg","CAN",73.2742870687645,192,"L",34,13,"CHI",82,2,2,53.2567
"796","6/23/97","Mt. Brydges","CAN",69.7544902140325,220,"L",20,2,"ARI",11,3,1,33.6154
"797","2/5/93","Calgary","CAN",72.0374564387847,184,"R",24,5,"EDM",14,3,5,29.1563
"798","2/8/93","Anaheim","USA",74.450985360363,180,"R",24,4,"COL",6,2,1,25.7143
"799","10/14/92","St. Louis","USA",72.702721328759,227,"R",25,4,"NYI",47,12,2,50.431
"800","12/28/92","Kosice","SVK",73.7605367196952,188,"L",25,5,"CHI",29,5,6,25.7556
"801","10/26/92","Niagara Falls","USA",72.0169795522593,196,"R",25,4,"ARI",5,0,0,48.75
"802","6/15/93","Dorchester","CAN",73.5122396647931,206,"L",24,5,"CBJ",75,17,13,31.7166
"803","5/5/97","Markham","CAN",71.037712309772,175,"R",20,2,"TOR",82,20,22,31.0412
"804","3/23/93","Omsk","CZE",70.6840866162516,216,"L",24,6,"STL",76,10,6,25
"805","3/1/93","Leksand","SWE",71.7515364939381,200,"L",24,4,"CAR",71,6,14,33.2222
"806","10/27/92","Pittsburgh","USA",74.1013147379142,206,"L",25,7,"CHI",82,16,18,23.557
"807","7/1/93","Orangeville","CAN",73.1881015713249,217,"R",24,4,"DAL",71,8,7,26.0342
"808","6/3/97","Prague","CZE",72.8729366426101,196,"L",20,1,"OTT",20,3,1,35.7143
"809","6/28/93","Brandon","CAN",74.0088145099996,215,"L",24,3,"STL",69,13,7,54.4597
"810","11/5/92","Long Beach","USA",75.7355294769159,190,"L",25,5,"COL",74,10,15,29.5647
"811","7/29/93","Bayonne","FRA",77.5099457776521,185,"L",24,5,"DET",45,2,0,56.0351
"812","1/7/93","Orangeville","CAN",75.7312443696906,196,"R",25,2,"MIN",23,2,3,21.1765
"813","1/29/97","Karlstad","SWE",74.3489467423629,206,"L",21,2,"MIN",75,14,6,33.3871
"814","3/9/93","Raahe","FIN",71.6618166565505,203,"L",24,4,"NSH",58,10,2,29.6078
"815","1/8/93","Marsta","SWE",75.5514891214141,189,"L",25,4,"VGK",82,15,43,26.4185
"816","3/10/93","Kingston","CAN",74.6736210430466,207,"L",24,4,"CBJ",32,0,2,57.5
"817","1/13/93","Mississauga","CAN",72.746219579395,205,"R",25,3,"NYR",16,1,1,44.8
"818","1/13/97","Yaroslavl","RUS",71.8421226782004,201,"L",21,2,"PHI",82,10,17,49.5419
"819","6/17/93","Maykop","RUS",73.9064335352914,178,"L",24,5,"TBL",80,30,39,34.4803
"820","4/12/93","Burnaby","CAN",73.3059068333193,191,"L",24,7,"EDM",62,15,24,29.7351
"821","11/23/92","Stockholm","SWE",74.7677519132727,215,"L",25,7,"COL",78,27,25,27.4699
"822","6/4/93","Saint-Jerome","CAN",68.7191506601567,188,"L",24,6,"FLA",82,23,27,26.2451
"823","11/12/92","Skellefteå","SWE",76.1027079009651,210,"R",25,7,"EDM",63,7,4,51.4783
"824","1/2/97","Orebro","SWE",73.5788553904092,192,"L",21,2,"CBJ",14,0,0,49
"825","4/18/93","Huddinge","SWE",69.0986361436944,227,"R",24,7,"NYR",72,17,27,29.8632
"826","3/15/93","Kitchener","CAN",72.6616352762536,207,"R",24,7,"WPG",60,15,23,25.32
"827","12/7/92","Phoenix","CAN",73.6506872217722,211,"L",25,7,"PHI",82,24,31,27.859
"828","6/17/93","Toronto","CAN",72.0382680004291,210,"R",24,6,"CGY",82,7,17,47.4889
"829","7/12/93","Karlstad","SWE",69.2690585411049,194,"L",24,6,"MIN",73,10,6,56.0779
"830","9/7/93","Edmonton","CAN",73.2410524630826,210,"L",24,3,"COL",16,3,1,74.5714
"831","3/31/93","Aurora","CAN",74.3736624288227,185,"R",24,6,"MIN",21,1,2,45.28
"832","10/5/92","Bern","CHE",74.5930058797359,192,"L",25,7,"VAN",53,12,14,26.7108
"833","12/21/92","Toronto","CAN",75.521384877924,255,"L",25,6,"DAL, PIT",68,16,5,49.716
"834","3/14/93","East Palestine","USA",73.1319269536531,218,"L",24,6,"NYR, TBL",82,10,23,25.6294
"835","5/31/93","Pori","FIN",73.4479893425774,205,"R",24,4,"WPG",79,16,12,32.7031
"836","12/5/92","Strathroy","CAN",71.4873144227441,200,"L",25,6,"BUF",59,11,1,49.9701
"837","7/15/97","Etobicoke","CAN",75.5153178795162,180,"L",20,1,"TBL",18,4,5,27
"838","7/20/93","Karlstad","SWE",75.0173320156181,215,"L",24,5,"EDM",66,7,5,48.9655
"839","3/26/93","Dublin","USA",73.5334350750832,212,"R",24,5,"CHI",76,12,2,53.4679
"840","2/12/93","Plano","USA",71.7191610955256,205,"R",24,4,"NJD",72,10,13,33.3071
"841","12/9/92","Edmonton","CAN",69.9294902275548,196,"L",25,4,"MTL, WPG",56,6,6,51.4578
"842","10/30/82","Trenton","USA",69.5001572364406,190,"L",35,12,"NJD",81,11,3,52.1613
"843","2/24/93","Victoriaville","CAN",71.6715219721876,195,"L",24,4,"MTL",52,21,8,25.2553
"844","7/24/92","Hancock","USA",73.5480961137417,185,"L",25,3,"CHI",8,1,1,39
"845","5/5/93","Sundbyberg","SWE",75.2448920193585,198,"R",24,6,"ANA",77,16,34,27.5
"846","5/2/79","Edmonton","CAN",69.6635009704117,215,"L",38,17,"NYI, ANA",74,9,3,29.557
"847","3/26/93","Helsinki","FIN",74.4749128803407,200,"L",24,3,"CBJ",33,7,3,34
"848","7/28/93","Toronto","CAN",74.8659908137103,182,"R",24,3,"BUF",48,14,7,37.9121
"849","1/4/93","Wallaceburg","CAN",77.0524418272665,190,"R",25,4,"BUF",21,2,2,29.3333
"850","12/11/77","Bern","CHE",75.7450346378006,186,"L",40,12,"MTL",2,0,0,47.6667
"851","4/11/81","Pincourt","CAN",73.0753424005723,197,"L",36,13,"OTT",71,8,6,36.1889
"852","3/13/96","Calgary","CAN",77.9721505116516,166,"R",21,2,"TBL",82,22,32,24.7419
"853","6/13/90","Bærum","NOR",71.2612976455135,229,"L",27,3,"CHI",9,2,1,27.9286
"854","7/8/93","Volketswil","CHE",75.8367127653445,186,"L",24,2,"CBJ",11,2,0,50.25
"855","12/1/91","Johnston","USA",71.8484192770783,208,"R",26,3,"BOS",60,10,10,26.0606
"856","1/4/99","Brig","CHE",71.444505239124,175,"L",19,1,"NJD",82,35,20,24.4278
"857","10/29/92","Sault Ste. Marie","CAN",73.4291250808468,196,"R",25,3,"VGK",82,18,10,50.9322
"858","12/29/86","Spokane","USA",75.3562421330537,170,"R",31,3,"CAR",80,9,15,23.4667
"859","12/27/90","Cap-Rouge","CAN",71.4561224640461,174,"R",27,5,"VGK",77,18,27,32.2052
"860","11/13/84","White Rock","CAN",70.3381908601493,218,"L",33,10,"VGK",8,0,0,54
"861","7/16/91","St. Cloud","USA",75.0262475751377,194,"L",26,5,"VGK",76,8,5,52.466
"862","11/21/94","Gävle","SWE",76.5567711038837,180,"L",23,1,"TOR",9,2,2,21.2105
"863","7/29/90","Spokane","USA",70.3075375711479,183,"R",27,6,"TBL",81,14,21,30.6022
"864","12/8/89","London","CAN",75.0716330103651,200,"R",28,10,"LAK",82,15,10,50.2098
"865","2/7/90","Markham","CAN",70.2137667741182,194,"R",27,10,"TBL",78,13,27,31.3019
"866","1/18/90","King City","CAN",70.4753423035609,210,"R",28,10,"STL",78,18,15,54.588
"867","7/15/90","Massena","USA",73.4173561823516,221,"R",27,10,"BUF",18,3,0,47.2759
"868","11/2/89","Saskatoon","CAN",71.3885751882083,229,"R",28,10,"ARI",64,9,1,55.6949
"869","10/20/89","Greenwich","USA",75.4589472089211,221,"L",28,9,"COL",56,13,6,27.2133
"870","12/16/89","Brondby","DNK",67.7342702618682,210,"L",28,10,"SJS",74,16,15,25.2857
"871","10/2/89","Bowmanville","CAN",73.6058492932896,203,"L",28,10,"NYI",76,4,18,30.3377
"872","2/1/90","Houston","CAN",74.6133159243539,229,"R",27,9,"WPG",82,15,6,46.5267
"873","2/26/93","Toronto","CAN",73.5286737421,210,"L",24,4,"SJS",47,7,7,28.0526
"874","5/31/90","Landsbro","SWE",74.9488709260035,191,"R",27,9,"OTT",71,18,9,53.6071
"875","1/30/90","Ozieri","CHE",74.8338351663323,209,"L",28,10,"VGK",30,4,2,55.7692
"876","10/29/96","Nousiainen","FIN",73.1337011008677,211,"L",21,3,"COL",81,25,29,29.9157
"877","7/4/90","Minnetonka","USA",73.1665776358274,200,"L",27,7,"TOR",82,12,5,53.5865
"878","5/25/94","Edmonton","CAN",68.8375934052506,204,"R",23,2,"EDM",73,15,6,48.018
"879","6/24/90","Stouffville","CAN",69.0762962274665,195,"L",27,9,"VAN",82,13,6,51.7578
"880","5/15/90","Regina","CAN",74.6279565877839,187,"R",27,8,"NYI",81,21,25,24.0929
"881","10/6/89","Edmonton","CAN",71.5919880243137,161,"L",28,9,"MIN",73,13,8,26.5391
"882","1/10/90","Natick","USA",75.0118280626429,218,"R",28,9,"WSH",82,8,15,50.8523
"883","6/1/90","Bern","CHE",69.6961621667127,201,"L",27,7,"NSH",75,11,14,45.8024
"884","7/6/90","Kelowna","CAN",73.318616951452,193,"R",27,6,"PIT",63,3,4,46.1468
"885","5/18/90","Roseau","USA",74.1011812855143,184,"L",27,5,"WSH",8,1,0,42.5
"886","11/1/89","Paris","CAN",71.9036420666842,194,"R",28,8,"CBJ",12,1,0,38.7222
"887","8/16/90","St. Malo","CAN",75.0957511577326,205,"R",27,8,"CGY",74,11,1,58.972
"888","6/18/90","Hastings","USA",69.2479010693626,196,"R",27,8,"ARI",82,8,14,35.9043
"889","2/4/96","STILLWATER","USA",69.7082971019033,181,"R",21,1,"STL",1,0,0,57
"890","6/14/95","BELLMAWR","USA",73.479138524108,200,"L",22,1,"CBJ",1,0,0,51.5
